"","Name","c","y","Year","Measure","Approach","Region","Total Inequality","IOp Ex-Ante Tree","IOp Ex-Ante RF","IOp Ex-Post","Latest"
"1","Argentina","ARG",2014,"2014 (Income)","Gini","Absolute","LATAM",0.3884,0.167,0.1786,0.1773,1
"2","Argentina","ARG",2014,"2014 (Income)","Gini","Relative","LATAM",0.3884,42.9969104016478,45.9835221421215,45.648815653965,1
"3","Argentina","ARG",2014,"2014 (Income)","MLD","Absolute","LATAM",0.2759,0.0438,0.0499,0.0506,1
"4","Argentina","ARG",2014,"2014 (Income)","MLD","Relative","LATAM",0.2759,15.8753171438927,18.0862631388184,18.3399782529902,1
"5","Armenia","ARM",2016,"2016 (Income)","Gini","Absolute","Asia + Oceania",0.4695,0.1783,0.2121,0.2343,1
"6","Armenia","ARM",2016,"2016 (Income)","Gini","Relative","Asia + Oceania",0.4695,37.9765708200213,45.1757188498403,49.9041533546326,1
"7","Armenia","ARM",2016,"2016 (Income)","MLD","Absolute","Asia + Oceania",0.4059,0.0593,0.0813,0.3464,1
"8","Armenia","ARM",2016,"2016 (Income)","MLD","Relative","Asia + Oceania",0.4059,14.6095097314609,20.029563932003,85.3412170485341,1
"9","Australia","AUS",2005,"2005 (Income)","Gini","Absolute","Asia + Oceania",0.3367,0.0773,0.0894,0.0547,0
"10","Australia","AUS",2005,"2005 (Income)","Gini","Relative","Asia + Oceania",0.3367,22.958122958123,26.5518265518266,16.2459162459162,0
"11","Australia","AUS",2005,"2005 (Income)","MLD","Absolute","Asia + Oceania",0.1941,0.0098,0.0125,0.0057,0
"12","Australia","AUS",2005,"2005 (Income)","MLD","Relative","Asia + Oceania",0.1941,5.0489438433797,6.43997939206595,2.93663060278207,0
"13","Australia","AUS",2007,"2007 (Income)","Gini","Absolute","Asia + Oceania",0.3439,0.0787,0.0951,0.0643,0
"14","Australia","AUS",2007,"2007 (Income)","Gini","Relative","Asia + Oceania",0.3439,22.8845594649607,27.6533876126781,18.6972957255016,0
"15","Australia","AUS",2007,"2007 (Income)","MLD","Absolute","Asia + Oceania",0.2042,0.0101,0.0141,0.0099,0
"16","Australia","AUS",2007,"2007 (Income)","MLD","Relative","Asia + Oceania",0.2042,4.94613124387855,6.90499510284035,4.84818805093046,0
"17","Australia","AUS",2009,"2009 (Income)","Gini","Absolute","Asia + Oceania",0.3255,0.0563,0.0807,0.0844,0
"18","Australia","AUS",2009,"2009 (Income)","Gini","Relative","Asia + Oceania",0.3255,17.2964669738863,24.7926267281106,25.9293394777266,0
"19","Australia","AUS",2009,"2009 (Income)","MLD","Absolute","Asia + Oceania",0.1874,0.0055,0.0102,0.0281,0
"20","Australia","AUS",2009,"2009 (Income)","MLD","Relative","Asia + Oceania",0.1874,2.93489861259338,5.44290288153682,14.9946638207044,0
"21","Australia","AUS",2011,"2011 (Income)","Gini","Absolute","Asia + Oceania",0.3311,0.0733,0.0873,0.0651,0
"22","Australia","AUS",2011,"2011 (Income)","Gini","Relative","Asia + Oceania",0.3311,22.1383267894896,26.3666565992147,19.661733615222,0
"23","Australia","AUS",2011,"2011 (Income)","MLD","Absolute","Asia + Oceania",0.1902,0.0087,0.0118,0.0073,0
"24","Australia","AUS",2011,"2011 (Income)","MLD","Relative","Asia + Oceania",0.1902,4.57413249211356,6.20399579390116,3.83806519453207,0
"25","Australia","AUS",2013,"2013 (Income)","Gini","Absolute","Asia + Oceania",0.3309,0.0584,0.0795,0.0684,0
"26","Australia","AUS",2013,"2013 (Income)","Gini","Relative","Asia + Oceania",0.3309,17.6488365064974,24.0253853127833,20.6708975521306,0
"27","Australia","AUS",2013,"2013 (Income)","MLD","Absolute","Asia + Oceania",0.1903,0.0065,0.01,0.0087,0
"28","Australia","AUS",2013,"2013 (Income)","MLD","Relative","Asia + Oceania",0.1903,3.41565948502365,5.25486074619023,4.5717288491855,0
"29","Australia","AUS",2015,"2015 (Income)","Gini","Absolute","Asia + Oceania",0.3346,0.0717,0.0884,0.073,0
"30","Australia","AUS",2015,"2015 (Income)","Gini","Relative","Asia + Oceania",0.3346,21.4285714285714,26.4196054991034,21.8170950388524,0
"31","Australia","AUS",2015,"2015 (Income)","MLD","Absolute","Asia + Oceania",0.1923,0.0091,0.0123,0.0084,0
"32","Australia","AUS",2015,"2015 (Income)","MLD","Relative","Asia + Oceania",0.1923,4.7321892875715,6.39625585023401,4.36817472698908,0
"33","Australia","AUS",2017,"2017 (Income)","Gini","Absolute","Asia + Oceania",0.3457,0.0709,0.0912,0.0875,0
"34","Australia","AUS",2017,"2017 (Income)","Gini","Relative","Asia + Oceania",0.3457,20.5091119467747,26.3812554237778,25.3109632629447,0
"35","Australia","AUS",2017,"2017 (Income)","MLD","Absolute","Asia + Oceania",0.2074,0.0089,0.0131,0.0238,0
"36","Australia","AUS",2017,"2017 (Income)","MLD","Relative","Asia + Oceania",0.2074,4.29122468659595,6.31629701060752,11.4754098360656,0
"37","Australia","AUS",2019,"2019 (Income)","Gini","Absolute","Asia + Oceania",0.3531,0.0806,0.0942,0.0814,1
"38","Australia","AUS",2019,"2019 (Income)","Gini","Relative","Asia + Oceania",0.3531,22.8263947890116,26.677994902294,23.0529595015576,1
"39","Australia","AUS",2019,"2019 (Income)","MLD","Absolute","Asia + Oceania",0.2168,0.0105,0.0136,0.013,1
"40","Australia","AUS",2019,"2019 (Income)","MLD","Relative","Asia + Oceania",0.2168,4.84317343173432,6.27306273062731,5.99630996309963,1
"41","Austria","AT",2005,"2005 (Income)","Gini","Absolute","Europe",0.2724,0.089,0.0995,0.0965,0
"42","Austria","AT",2005,"2005 (Income)","Gini","Relative","Europe",0.2724,32.6725403817915,36.5271659324523,35.4258443465492,0
"43","Austria","AT",2005,"2005 (Income)","MLD","Absolute","Europe",0.134,0.0148,0.0165,0.0166,0
"44","Austria","AT",2005,"2005 (Income)","MLD","Relative","Europe",0.134,11.044776119403,12.3134328358209,12.3880597014925,0
"45","Austria","AT",2011,"2011 (Income)","Gini","Absolute","Europe",0.2757,0.0881,0.0914,0.089,0
"46","Austria","AT",2011,"2011 (Income)","Gini","Relative","Europe",0.2757,31.9550235763511,33.151976786362,32.2814653608995,0
"47","Austria","AT",2011,"2011 (Income)","MLD","Absolute","Europe",0.1397,0.0137,0.0142,0.0148,0
"48","Austria","AT",2011,"2011 (Income)","MLD","Relative","Europe",0.1397,9.8067287043665,10.1646385110952,10.5941302791697,0
"49","Austria","AT",2019,"2019 (Income)","Gini","Absolute","Europe",0.2804,0.0957,0.0988,0.0908,1
"50","Austria","AT",2019,"2019 (Income)","Gini","Relative","Europe",0.2804,34.1298145506419,35.2353780313837,32.3823109843081,1
"51","Austria","AT",2019,"2019 (Income)","MLD","Absolute","Europe",0.1555,0.0167,0.016,0.0157,1
"52","Austria","AT",2019,"2019 (Income)","MLD","Relative","Europe",0.1555,10.7395498392283,10.2893890675241,10.096463022508,1
"53","Belgium","BE",2005,"2005 (Income)","Gini","Absolute","Europe",0.2604,0.1067,0.1119,0.0916,0
"54","Belgium","BE",2005,"2005 (Income)","Gini","Relative","Europe",0.2604,40.9754224270353,42.9723502304147,35.1766513056836,0
"55","Belgium","BE",2005,"2005 (Income)","MLD","Absolute","Europe",0.1222,0.0201,0.0206,0.0168,0
"56","Belgium","BE",2005,"2005 (Income)","MLD","Relative","Europe",0.1222,16.4484451718494,16.8576104746317,13.7479541734861,0
"57","Belgium","BE",2011,"2011 (Income)","Gini","Absolute","Europe",0.2562,0.0892,0.1056,0.1388,0
"58","Belgium","BE",2011,"2011 (Income)","Gini","Relative","Europe",0.2562,34.8165495706479,41.2177985948478,54.176424668228,0
"59","Belgium","BE",2011,"2011 (Income)","MLD","Absolute","Europe",0.1253,0.0164,0.0203,0.0354,0
"60","Belgium","BE",2011,"2011 (Income)","MLD","Relative","Europe",0.1253,13.0885873902634,16.2011173184357,28.2521947326417,0
"61","Belgium","BE",2019,"2019 (Income)","Gini","Absolute","Europe",0.2428,0.0966,0.1041,0.1071,1
"62","Belgium","BE",2019,"2019 (Income)","Gini","Relative","Europe",0.2428,39.7858319604613,42.8747940691928,44.1103789126853,1
"63","Belgium","BE",2019,"2019 (Income)","MLD","Absolute","Europe",0.1064,0.0179,0.0191,0.0214,1
"64","Belgium","BE",2019,"2019 (Income)","MLD","Relative","Europe",0.1064,16.8233082706767,17.9511278195489,20.1127819548872,1
"65","Benin","BEN",2018,"2018 (Consumption)","Gini","Absolute","Africa",0.3483,0.14,0.1296,0.1325,1
"66","Benin","BEN",2018,"2018 (Consumption)","Gini","Relative","Africa",0.3483,40.1952339936836,37.2093023255814,38.0419178868791,1
"67","Benin","BEN",2018,"2018 (Consumption)","MLD","Absolute","Africa",0.1988,0.0361,0.032,0.0331,1
"68","Benin","BEN",2018,"2018 (Consumption)","MLD","Relative","Africa",0.1988,18.158953722334,16.0965794768612,16.6498993963783,1
"69","Bolivia","BOL",2008,"2008 (Income)","Gini","Absolute","LATAM",0.4999,0.2781,0.2938,0.3405,1
"70","Bolivia","BOL",2008,"2008 (Income)","Gini","Relative","LATAM",0.4999,55.631126225245,58.7717543508702,68.1136227245449,1
"71","Bolivia","BOL",2008,"2008 (Income)","MLD","Absolute","LATAM",0.5048,0.1311,0.1442,0.2375,1
"72","Bolivia","BOL",2008,"2008 (Income)","MLD","Relative","LATAM",0.5048,25.9706814580032,28.5657686212361,47.0483359746434,1
"73","Brazil","BRA",2014,"2014 (Income)","Gini","Absolute","LATAM",0.4875,0.3218,0.3203,0.3393,1
"74","Brazil","BRA",2014,"2014 (Income)","Gini","Relative","LATAM",0.4875,66.0102564102564,65.7025641025641,69.6,1
"75","Brazil","BRA",2014,"2014 (Income)","MLD","Absolute","LATAM",0.4266,0.1652,0.1626,0.1913,1
"76","Brazil","BRA",2014,"2014 (Income)","MLD","Relative","LATAM",0.4266,38.7248007501172,38.1153305203938,44.8429442100328,1
"77","Bulgaria","BG",2011,"2011 (Income)","Gini","Absolute","Europe",0.328,0.1473,0.1468,0.1573,0
"78","Bulgaria","BG",2011,"2011 (Income)","Gini","Relative","Europe",0.328,44.9085365853658,44.7560975609756,47.9573170731707,0
"79","Bulgaria","BG",2011,"2011 (Income)","MLD","Absolute","Europe",0.1959,0.0356,0.0339,0.0405,0
"80","Bulgaria","BG",2011,"2011 (Income)","MLD","Relative","Europe",0.1959,18.1725370086779,17.3047473200613,20.6738131699847,0
"81","Bulgaria","BG",2019,"2019 (Income)","Gini","Absolute","Europe",0.4065,0.222,0.198,0.19,1
"82","Bulgaria","BG",2019,"2019 (Income)","Gini","Relative","Europe",0.4065,54.6125461254613,48.7084870848709,46.740467404674,1
"83","Bulgaria","BG",2019,"2019 (Income)","MLD","Absolute","Europe",0.2964,0.0806,0.0619,0.0583,1
"84","Bulgaria","BG",2019,"2019 (Income)","MLD","Relative","Europe",0.2964,27.1929824561403,20.8839406207827,19.6693657219973,1
"85","Burkina Faso","BFA",2018,"2018 (Consumption)","Gini","Absolute","Africa",0.3792,0.1232,0.0934,0.0991,1
"86","Burkina Faso","BFA",2018,"2018 (Consumption)","Gini","Relative","Africa",0.3792,32.4894514767932,24.6308016877637,26.1339662447257,1
"87","Burkina Faso","BFA",2018,"2018 (Consumption)","MLD","Absolute","Africa",0.2351,0.0424,0.0247,0.0235,1
"88","Burkina Faso","BFA",2018,"2018 (Consumption)","MLD","Relative","Africa",0.2351,18.0348787749894,10.5061675882603,9.99574649085496,1
"89","Chile","CHL",2006,"2006 (Income)","Gini","Absolute","LATAM",0.5184,0.2686,0.2699,0.3288,0
"90","Chile","CHL",2006,"2006 (Income)","Gini","Relative","LATAM",0.5184,51.8132716049383,52.0640432098765,63.4259259259259,0
"91","Chile","CHL",2006,"2006 (Income)","MLD","Absolute","LATAM",0.4725,0.1141,0.115,0.215,0
"92","Chile","CHL",2006,"2006 (Income)","MLD","Relative","LATAM",0.4725,24.1481481481481,24.3386243386243,45.5026455026455,0
"93","Chile","CHL",2011,"2011 (Income)","Gini","Absolute","LATAM",0.5142,0.2844,0.2713,0.305,0
"94","Chile","CHL",2011,"2011 (Income)","Gini","Relative","LATAM",0.5142,55.3092182030338,52.7615713730066,59.315441462466,0
"95","Chile","CHL",2011,"2011 (Income)","MLD","Absolute","LATAM",0.4641,0.1274,0.1155,0.1737,0
"96","Chile","CHL",2011,"2011 (Income)","MLD","Relative","LATAM",0.4641,27.4509803921569,24.8868778280543,37.4272786037492,0
"97","Chile","CHL",2013,"2013 (Income)","Gini","Absolute","LATAM",0.507,0.2652,0.2486,0.2786,0
"98","Chile","CHL",2013,"2013 (Income)","Gini","Relative","LATAM",0.507,52.3076923076923,49.0335305719921,54.9506903353057,0
"99","Chile","CHL",2013,"2013 (Income)","MLD","Absolute","LATAM",0.452,0.11,0.0963,0.1578,0
"100","Chile","CHL",2013,"2013 (Income)","MLD","Relative","LATAM",0.452,24.3362831858407,21.3053097345133,34.9115044247788,0
"101","Chile","CHL",2015,"2015 (Income)","Gini","Absolute","LATAM",0.492,0.2388,0.2477,0.3088,1
"102","Chile","CHL",2015,"2015 (Income)","Gini","Relative","LATAM",0.492,48.5365853658537,50.3455284552846,62.7642276422764,1
"103","Chile","CHL",2015,"2015 (Income)","MLD","Absolute","LATAM",0.4577,0.0889,0.0954,0.2321,1
"104","Chile","CHL",2015,"2015 (Income)","MLD","Relative","LATAM",0.4577,19.4232029713786,20.8433471706358,50.7100720996286,1
"105","China","CHI",2010,"2010 (Income)","Gini","Absolute","Asia + Oceania",0.4961,0.2033,0.2272,0.2661,0
"106","China","CHI",2010,"2010 (Income)","Gini","Relative","Asia + Oceania",0.4961,40.9796412013707,45.7972183027615,53.6383793590002,0
"107","China","CHI",2010,"2010 (Income)","MLD","Absolute","Asia + Oceania",0.4752,0.0683,0.0824,0.1331,0
"108","China","CHI",2010,"2010 (Income)","MLD","Relative","Asia + Oceania",0.4752,14.3728956228956,17.3400673400673,28.0092592592593,0
"109","China","CHI",2012,"2012 (Income)","Gini","Absolute","Asia + Oceania",0.5033,0.1719,0.1755,0.2183,0
"110","China","CHI",2012,"2012 (Income)","Gini","Relative","Asia + Oceania",0.5033,34.1545797734949,34.869858931055,43.3737333598252,0
"111","China","CHI",2012,"2012 (Income)","MLD","Absolute","Asia + Oceania",0.5573,0.0523,0.0522,0.1242,0
"112","China","CHI",2012,"2012 (Income)","MLD","Relative","Asia + Oceania",0.5573,9.3845325677373,9.36658891082003,22.2860218912614,0
"113","China","CHI",2014,"2014 (Income)","Gini","Absolute","Asia + Oceania",0.4832,0.1742,0.1965,0.2073,0
"114","China","CHI",2014,"2014 (Income)","Gini","Relative","Asia + Oceania",0.4832,36.0513245033112,40.6663907284768,42.9014900662252,0
"115","China","CHI",2014,"2014 (Income)","MLD","Absolute","Asia + Oceania",0.5256,0.0532,0.0663,0.1037,0
"116","China","CHI",2014,"2014 (Income)","MLD","Relative","Asia + Oceania",0.5256,10.1217656012177,12.6141552511416,19.7298325722983,0
"117","China","CHI",2016,"2016 (Income)","Gini","Absolute","Asia + Oceania",0.5186,0.1649,0.2046,0.2934,0
"118","China","CHI",2016,"2016 (Income)","Gini","Relative","Asia + Oceania",0.5186,31.7971461627459,39.4523717701504,56.5753952950251,0
"119","China","CHI",2016,"2016 (Income)","MLD","Absolute","Asia + Oceania",0.512,0.0503,0.067,0.2089,0
"120","China","CHI",2016,"2016 (Income)","MLD","Relative","Asia + Oceania",0.512,9.82421875,13.0859375,40.80078125,0
"121","China","CHI",2018,"2018 (Income)","Gini","Absolute","Asia + Oceania",0.4972,0.1939,0.2194,0.2925,1
"122","China","CHI",2018,"2018 (Income)","Gini","Relative","Asia + Oceania",0.4972,38.9983909895414,44.1271118262269,58.8294448913918,1
"123","China","CHI",2018,"2018 (Income)","MLD","Absolute","Asia + Oceania",0.4585,0.0615,0.076,0.1721,1
"124","China","CHI",2018,"2018 (Income)","MLD","Relative","Asia + Oceania",0.4585,13.4133042529989,16.5757906215922,37.5354416575791,1
"125","Colombia","COL",2010,"2010 (Income)","Gini","Absolute","LATAM",0.5352,0.2452,0.257,0.3328,1
"126","Colombia","COL",2010,"2010 (Income)","Gini","Relative","LATAM",0.5352,45.8146487294469,48.0194319880419,62.1823617339312,1
"127","Colombia","COL",2010,"2010 (Income)","MLD","Absolute","LATAM",0.5471,0.1008,0.1063,0.252,1
"128","Colombia","COL",2010,"2010 (Income)","MLD","Relative","LATAM",0.5471,18.4244196673369,19.42972034363,46.0610491683422,1
"129","Croatia","HR",2011,"2011 (Income)","Gini","Absolute","Europe",0.3057,0.0969,0.1073,0.118,1
"130","Croatia","HR",2011,"2011 (Income)","Gini","Relative","Europe",0.3057,31.6977428851816,35.0997710173372,38.5999345763821,1
"131","Croatia","HR",2011,"2011 (Income)","MLD","Absolute","Europe",0.1773,0.0164,0.0184,0.022,1
"132","Croatia","HR",2011,"2011 (Income)","MLD","Relative","Europe",0.1773,9.24985899605189,10.3778905809363,12.4083474337281,1
"133","Cyprus","CY",2005,"2005 (Income)","Gini","Absolute","Europe",0.2971,0.1206,0.1277,0.1347,0
"134","Cyprus","CY",2005,"2005 (Income)","Gini","Relative","Europe",0.2971,40.592393133625,42.9821608885897,45.3382699427802,0
"135","Cyprus","CY",2005,"2005 (Income)","MLD","Absolute","Europe",0.1533,0.0269,0.0279,0.0317,0
"136","Cyprus","CY",2005,"2005 (Income)","MLD","Relative","Europe",0.1533,17.5472928897586,18.1996086105675,20.6784083496412,0
"137","Cyprus","CY",2011,"2011 (Income)","Gini","Absolute","Europe",0.2846,0.0954,0.1034,0.1107,0
"138","Cyprus","CY",2011,"2011 (Income)","Gini","Relative","Europe",0.2846,33.5207308503162,36.3316936050597,38.8966971187632,0
"139","Cyprus","CY",2011,"2011 (Income)","MLD","Absolute","Europe",0.1423,0.0166,0.0185,0.0223,0
"140","Cyprus","CY",2011,"2011 (Income)","MLD","Relative","Europe",0.1423,11.6654954321855,13.0007027406887,15.671117357695,0
"141","Cyprus","CY",2019,"2019 (Income)","Gini","Absolute","Europe",0.3147,0.1573,0.1603,0.1714,1
"142","Cyprus","CY",2019,"2019 (Income)","Gini","Relative","Europe",0.3147,49.984111852558,50.9374006990785,54.4645694312043,1
"143","Cyprus","CY",2019,"2019 (Income)","MLD","Absolute","Europe",0.169,0.0405,0.0413,0.0489,1
"144","Cyprus","CY",2019,"2019 (Income)","MLD","Relative","Europe",0.169,23.9644970414201,24.4378698224852,28.9349112426036,1
"145","Czech Rep.","CZ",2005,"2005 (Income)","Gini","Absolute","Europe",0.2682,0.0915,0.0923,0.0873,0
"146","Czech Rep.","CZ",2005,"2005 (Income)","Gini","Relative","Europe",0.2682,34.1163310961969,34.4146159582401,32.5503355704698,0
"147","Czech Rep.","CZ",2005,"2005 (Income)","MLD","Absolute","Europe",0.1238,0.0144,0.0141,0.0126,0
"148","Czech Rep.","CZ",2005,"2005 (Income)","MLD","Relative","Europe",0.1238,11.6316639741519,11.389337641357,10.1777059773829,0
"149","Czech Rep.","CZ",2011,"2011 (Income)","Gini","Absolute","Europe",0.2573,0.0803,0.0773,0.0677,0
"150","Czech Rep.","CZ",2011,"2011 (Income)","Gini","Relative","Europe",0.2573,31.2087057909056,30.0427516517684,26.3116984065293,0
"151","Czech Rep.","CZ",2011,"2011 (Income)","MLD","Absolute","Europe",0.1167,0.0103,0.0094,0.0073,0
"152","Czech Rep.","CZ",2011,"2011 (Income)","MLD","Relative","Europe",0.1167,8.82604970008569,8.05484147386461,6.25535561268209,0
"153","Czech Rep.","CZ",2019,"2019 (Income)","Gini","Absolute","Europe",0.2393,0.0752,0.0791,0.0731,1
"154","Czech Rep.","CZ",2019,"2019 (Income)","Gini","Relative","Europe",0.2393,31.4249895528625,33.0547430004179,30.5474300041788,1
"155","Czech Rep.","CZ",2019,"2019 (Income)","MLD","Absolute","Europe",0.0987,0.009,0.0098,0.0083,1
"156","Czech Rep.","CZ",2019,"2019 (Income)","MLD","Relative","Europe",0.0987,9.11854103343465,9.9290780141844,8.40932117527862,1
"157","Denmark","DK",2005,"2005 (Income)","Gini","Absolute","Europe",0.2864,0.1539,0.1387,0.1469,0
"158","Denmark","DK",2005,"2005 (Income)","Gini","Relative","Europe",0.2864,53.7360335195531,48.4287709497207,51.2918994413408,0
"159","Denmark","DK",2005,"2005 (Income)","MLD","Absolute","Europe",0.1425,0.0525,0.0373,0.0452,0
"160","Denmark","DK",2005,"2005 (Income)","MLD","Relative","Europe",0.1425,36.8421052631579,26.1754385964912,31.719298245614,0
"161","Denmark","DK",2011,"2011 (Income)","Gini","Absolute","Europe",0.2572,0.0375,0.0486,0.0375,0
"162","Denmark","DK",2011,"2011 (Income)","Gini","Relative","Europe",0.2572,14.5800933125972,18.895800933126,14.5800933125972,0
"163","Denmark","DK",2011,"2011 (Income)","MLD","Absolute","Europe",0.1238,0.0034,0.0042,0.0035,0
"164","Denmark","DK",2011,"2011 (Income)","MLD","Relative","Europe",0.1238,2.74636510500808,3.39256865912763,2.82714054927302,0
"165","Denmark","DK",2019,"2019 (Income)","Gini","Absolute","Europe",0.2684,0.0561,0.0722,0.057,1
"166","Denmark","DK",2019,"2019 (Income)","Gini","Relative","Europe",0.2684,20.9016393442623,26.9001490312966,21.2369597615499,1
"167","Denmark","DK",2019,"2019 (Income)","MLD","Absolute","Europe",0.1425,0.0055,0.008,0.0052,1
"168","Denmark","DK",2019,"2019 (Income)","MLD","Relative","Europe",0.1425,3.85964912280702,5.6140350877193,3.64912280701754,1
"169","Ecuador","ECU",2006,"2006 (Income)","Gini","Absolute","LATAM",0.5204,0.295,0.2921,0.3469,0
"170","Ecuador","ECU",2006,"2006 (Income)","Gini","Relative","LATAM",0.5204,56.6871637202152,56.1299000768639,66.6602613374327,0
"171","Ecuador","ECU",2006,"2006 (Income)","MLD","Absolute","LATAM",0.5413,0.1435,0.1375,0.2327,0
"172","Ecuador","ECU",2006,"2006 (Income)","MLD","Relative","LATAM",0.5413,26.5102530944024,25.4018104563089,42.9891003140588,0
"173","Ecuador","ECU",2014,"2014 (Income)","Gini","Absolute","LATAM",0.455,0.227,0.2289,0.273,1
"174","Ecuador","ECU",2014,"2014 (Income)","Gini","Relative","LATAM",0.455,49.8901098901099,50.3076923076923,60,1
"175","Ecuador","ECU",2014,"2014 (Income)","MLD","Absolute","LATAM",0.3768,0.081,0.0822,0.1421,1
"176","Ecuador","ECU",2014,"2014 (Income)","MLD","Relative","LATAM",0.3768,21.4968152866242,21.8152866242038,37.7123142250531,1
"177","Estonia","EE",2005,"2005 (Income)","Gini","Absolute","Europe",0.3347,0.0873,0.0952,0.0766,0
"178","Estonia","EE",2005,"2005 (Income)","Gini","Relative","Europe",0.3347,26.0830594562295,28.4433821332537,22.8861667164625,0
"179","Estonia","EE",2005,"2005 (Income)","MLD","Absolute","Europe",0.204,0.0137,0.0145,0.0111,0
"180","Estonia","EE",2005,"2005 (Income)","MLD","Relative","Europe",0.204,6.7156862745098,7.1078431372549,5.44117647058824,0
"181","Estonia","EE",2011,"2011 (Income)","Gini","Absolute","Europe",0.3211,0.0836,0.0895,0.0714,0
"182","Estonia","EE",2011,"2011 (Income)","Gini","Relative","Europe",0.3211,26.0355029585799,27.8729367798194,22.2360635316101,0
"183","Estonia","EE",2011,"2011 (Income)","MLD","Absolute","Europe",0.1972,0.012,0.0128,0.0084,0
"184","Estonia","EE",2011,"2011 (Income)","MLD","Relative","Europe",0.1972,6.08519269776876,6.49087221095335,4.25963488843813,0
"185","Estonia","EE",2019,"2019 (Income)","Gini","Absolute","Europe",0.2804,0.0724,0.0831,0.0814,1
"186","Estonia","EE",2019,"2019 (Income)","Gini","Relative","Europe",0.2804,25.8202567760342,29.6362339514979,29.0299572039943,1
"187","Estonia","EE",2019,"2019 (Income)","MLD","Absolute","Europe",0.1505,0.0087,0.0107,0.0112,1
"188","Estonia","EE",2019,"2019 (Income)","MLD","Relative","Europe",0.1505,5.78073089700997,7.10963455149502,7.44186046511628,1
"189","Finland","FI",2005,"2005 (Income)","Gini","Absolute","Europe",0.2708,0.0895,0.108,0.1206,0
"190","Finland","FI",2005,"2005 (Income)","Gini","Relative","Europe",0.2708,33.0502215657312,39.8818316100443,44.5347119645495,0
"191","Finland","FI",2005,"2005 (Income)","MLD","Absolute","Europe",0.1318,0.0148,0.0214,0.0345,0
"192","Finland","FI",2005,"2005 (Income)","MLD","Relative","Europe",0.1318,11.2291350531108,16.236722306525,26.1760242792109,0
"193","Finland","FI",2011,"2011 (Income)","Gini","Absolute","Europe",0.2662,0.0417,0.064,0.0537,0
"194","Finland","FI",2011,"2011 (Income)","Gini","Relative","Europe",0.2662,15.6649135987979,24.0420736288505,20.1728024042074,0
"195","Finland","FI",2011,"2011 (Income)","MLD","Absolute","Europe",0.13,0.0031,0.0077,0.0078,0
"196","Finland","FI",2011,"2011 (Income)","MLD","Relative","Europe",0.13,2.38461538461539,5.92307692307692,6,0
"197","Finland","FI",2019,"2019 (Income)","Gini","Absolute","Europe",0.2867,0.092,0.1094,0.0935,1
"198","Finland","FI",2019,"2019 (Income)","Gini","Relative","Europe",0.2867,32.0892919427974,38.1583536798047,32.6124869201256,1
"199","Finland","FI",2019,"2019 (Income)","MLD","Absolute","Europe",0.143,0.0142,0.0191,0.0139,1
"200","Finland","FI",2019,"2019 (Income)","MLD","Relative","Europe",0.143,9.93006993006993,13.3566433566434,9.72027972027972,1
"201","France","FR",2005,"2005 (Income)","Gini","Absolute","Europe",0.2699,0.0939,0.1076,0.1038,0
"202","France","FR",2005,"2005 (Income)","Gini","Relative","Europe",0.2699,34.7906632085958,39.866617265654,38.4586884031123,0
"203","France","FR",2005,"2005 (Income)","MLD","Absolute","Europe",0.1235,0.0164,0.02,0.0188,0
"204","France","FR",2005,"2005 (Income)","MLD","Relative","Europe",0.1235,13.2793522267207,16.1943319838057,15.2226720647773,0
"205","France","FR",2011,"2011 (Income)","Gini","Absolute","Europe",0.2951,0.0934,0.1064,0.0991,0
"206","France","FR",2011,"2011 (Income)","Gini","Relative","Europe",0.2951,31.6502880379532,36.0555743815656,33.5818366655371,0
"207","France","FR",2011,"2011 (Income)","MLD","Absolute","Europe",0.1546,0.0149,0.0188,0.0245,0
"208","France","FR",2011,"2011 (Income)","MLD","Relative","Europe",0.1546,9.63777490297542,12.1604139715395,15.8473479948254,0
"209","France","FR",2019,"2019 (Income)","Gini","Absolute","Europe",0.2865,0.1114,0.1229,0.1185,1
"210","France","FR",2019,"2019 (Income)","Gini","Relative","Europe",0.2865,38.8830715532286,42.8970331588133,41.3612565445026,1
"211","France","FR",2019,"2019 (Income)","MLD","Absolute","Europe",0.1449,0.0202,0.0279,0.0247,1
"212","France","FR",2019,"2019 (Income)","MLD","Relative","Europe",0.1449,13.9406487232574,19.2546583850932,17.0462387853692,1
"213","Gambia","GAM",2015,"2015 (Income)","Gini","Absolute","Africa",0.5755,0.1988,0.1945,0.2335,1
"214","Gambia","GAM",2015,"2015 (Income)","Gini","Relative","Africa",0.5755,34.5438748913988,33.7966985230235,40.5734144222415,1
"215","Gambia","GAM",2015,"2015 (Income)","MLD","Absolute","Africa",0.6697,0.0662,0.0583,0.1118,1
"216","Gambia","GAM",2015,"2015 (Income)","MLD","Relative","Africa",0.6697,9.88502314469165,8.70539047334628,16.6940421084068,1
"217","Georgia","GEO",2016,"2016 (Income)","Gini","Absolute","Asia + Oceania",0.4911,0.1339,0.2079,0.1284,1
"218","Georgia","GEO",2016,"2016 (Income)","Gini","Relative","Asia + Oceania",0.4911,27.2653227448585,42.3335369578497,26.1453879047037,1
"219","Georgia","GEO",2016,"2016 (Income)","MLD","Absolute","Asia + Oceania",0.4271,0.0447,0.0691,0.0315,1
"220","Georgia","GEO",2016,"2016 (Income)","MLD","Relative","Asia + Oceania",0.4271,10.4659330367595,16.178880824163,7.37532193865605,1
"221","Germany","DE",2005,"2005 (Income)","Gini","Absolute","Europe",0.3041,0.1314,0.1392,0.1509,0
"222","Germany","DE",2005,"2005 (Income)","Gini","Relative","Europe",0.3041,43.2094705688918,45.7744163104242,49.6218349227228,0
"223","Germany","DE",2005,"2005 (Income)","MLD","Absolute","Europe",0.1623,0.0302,0.032,0.0402,0
"224","Germany","DE",2005,"2005 (Income)","MLD","Relative","Europe",0.1623,18.607516943931,19.7165742452249,24.7689463955638,0
"225","Germany","DE",2011,"2011 (Income)","Gini","Absolute","Europe",0.275,0.049,0.0631,0.0513,0
"226","Germany","DE",2011,"2011 (Income)","Gini","Relative","Europe",0.275,17.8181818181818,22.9454545454545,18.6545454545454,0
"227","Germany","DE",2011,"2011 (Income)","MLD","Absolute","Europe",0.1397,0.0043,0.0062,0.0042,0
"228","Germany","DE",2011,"2011 (Income)","MLD","Relative","Europe",0.1397,3.07802433786686,4.43808160343593,3.00644237652112,0
"229","Germany","DE",2019,"2019 (Income)","Gini","Absolute","Europe",0.2786,0.0803,0.0873,0.0738,1
"230","Germany","DE",2019,"2019 (Income)","Gini","Relative","Europe",0.2786,28.8226848528356,31.335247666906,26.4895908111988,1
"231","Germany","DE",2019,"2019 (Income)","MLD","Absolute","Europe",0.1382,0.011,0.0123,0.0092,1
"232","Germany","DE",2019,"2019 (Income)","MLD","Relative","Europe",0.1382,7.95947901591896,8.90014471780029,6.65701881331404,1
"233","Ghana","GHA",2013,"2013 (Income)","Gini","Absolute","Africa",0.423,0.1771,0.1928,0.2073,0
"234","Ghana","GHA",2013,"2013 (Income)","Gini","Relative","Africa",0.423,41.8676122931442,45.5791962174941,49.0070921985816,0
"235","Ghana","GHA",2013,"2013 (Income)","MLD","Absolute","Africa",0.3104,0.0547,0.0627,0.0736,0
"236","Ghana","GHA",2013,"2013 (Income)","MLD","Relative","Africa",0.3104,17.6224226804124,20.1997422680412,23.7113402061856,0
"237","Ghana","GHA",2017,"2017 (Income)","Gini","Absolute","Africa",0.4204,0.1524,0.1608,0.1715,1
"238","Ghana","GHA",2017,"2017 (Income)","Gini","Relative","Africa",0.4204,36.2511893434824,38.2492863939106,40.7944814462417,1
"239","Ghana","GHA",2017,"2017 (Income)","MLD","Absolute","Africa",0.3138,0.0391,0.0415,0.0515,1
"240","Ghana","GHA",2017,"2017 (Income)","MLD","Relative","Africa",0.3138,12.4601657106437,13.2249840662843,16.4117272147865,1
"241","Greece","EL",2005,"2005 (Income)","Gini","Absolute","Europe",0.3194,0.1164,0.1324,0.1297,0
"242","Greece","EL",2005,"2005 (Income)","Gini","Relative","Europe",0.3194,36.4433312460864,41.4527238572323,40.6073888541014,0
"243","Greece","EL",2005,"2005 (Income)","MLD","Absolute","Europe",0.1837,0.0238,0.0281,0.0296,0
"244","Greece","EL",2005,"2005 (Income)","MLD","Relative","Europe",0.1837,12.95590636908,15.2966793685357,16.113228089276,0
"245","Greece","EL",2011,"2011 (Income)","Gini","Absolute","Europe",0.3289,0.1352,0.1371,0.1443,0
"246","Greece","EL",2011,"2011 (Income)","Gini","Relative","Europe",0.3289,41.1067193675889,41.6844025539678,43.8735177865613,0
"247","Greece","EL",2011,"2011 (Income)","MLD","Absolute","Europe",0.2055,0.0332,0.0309,0.0347,0
"248","Greece","EL",2011,"2011 (Income)","MLD","Relative","Europe",0.2055,16.1557177615572,15.036496350365,16.8856447688565,0
"249","Greece","EL",2019,"2019 (Income)","Gini","Absolute","Europe",0.306,0.1104,0.1171,0.1261,1
"250","Greece","EL",2019,"2019 (Income)","Gini","Relative","Europe",0.306,36.078431372549,38.2679738562092,41.2091503267974,1
"251","Greece","EL",2019,"2019 (Income)","MLD","Absolute","Europe",0.1655,0.0202,0.0225,0.0318,1
"252","Greece","EL",2019,"2019 (Income)","MLD","Relative","Europe",0.1655,12.2054380664653,13.595166163142,19.214501510574,1
"253","Guatemala","GTM",2000,"2000 (Income)","Gini","Absolute","LATAM",0.5443,0.3181,0.3099,0.3672,0
"254","Guatemala","GTM",2000,"2000 (Income)","Gini","Relative","LATAM",0.5443,58.4420356421091,56.9355135035826,67.4627962520669,0
"255","Guatemala","GTM",2000,"2000 (Income)","MLD","Absolute","LATAM",0.5651,0.1639,0.1521,0.3075,0
"256","Guatemala","GTM",2000,"2000 (Income)","MLD","Relative","LATAM",0.5651,29.0037161564325,26.9155901610334,54.4151477614581,0
"257","Guatemala","GTM",2006,"2006 (Income)","Gini","Absolute","LATAM",0.5461,0.3611,0.3397,0.3823,0
"258","Guatemala","GTM",2006,"2006 (Income)","Gini","Relative","LATAM",0.5461,66.1234206189343,62.2047244094488,70.0054934993591,0
"259","Guatemala","GTM",2006,"2006 (Income)","MLD","Absolute","LATAM",0.5768,0.2096,0.1829,0.2892,0
"260","Guatemala","GTM",2006,"2006 (Income)","MLD","Relative","LATAM",0.5768,36.3384188626907,31.7094313453537,50.1386962552011,0
"261","Guatemala","GTM",2011,"2011 (Income)","Gini","Absolute","LATAM",0.5257,0.2977,0.2911,0.3298,1
"262","Guatemala","GTM",2011,"2011 (Income)","Gini","Relative","LATAM",0.5257,56.6292562297889,55.3737873311775,62.7354004184896,1
"263","Guatemala","GTM",2011,"2011 (Income)","MLD","Absolute","LATAM",0.5187,0.1421,0.1362,0.2512,1
"264","Guatemala","GTM",2011,"2011 (Income)","MLD","Relative","LATAM",0.5187,27.3954116059379,26.257952573742,48.4287642182379,1
"265","Guinea Bissau","GNB",2018,"2018 (Consumption)","Gini","Absolute","Africa",0.3122,0.1422,0.1343,0.1372,1
"266","Guinea Bissau","GNB",2018,"2018 (Consumption)","Gini","Relative","Africa",0.3122,45.5477258167841,43.0172966047406,43.9461883408072,1
"267","Guinea Bissau","GNB",2018,"2018 (Consumption)","MLD","Absolute","Africa",0.1582,0.0319,0.0289,0.0292,1
"268","Guinea Bissau","GNB",2018,"2018 (Consumption)","MLD","Relative","Africa",0.1582,20.1643489254109,18.26801517067,18.4576485461441,1
"269","Hungary","HU",2005,"2005 (Income)","Gini","Absolute","Europe",0.2941,0.118,0.1193,0.096,0
"270","Hungary","HU",2005,"2005 (Income)","Gini","Relative","Europe",0.2941,40.1224073444407,40.564433866032,32.641958517511,0
"271","Hungary","HU",2005,"2005 (Income)","MLD","Absolute","Europe",0.1523,0.0245,0.0235,0.0153,0
"272","Hungary","HU",2005,"2005 (Income)","MLD","Relative","Europe",0.1523,16.0866710439921,15.43007222587,10.0459619172685,0
"273","Hungary","HU",2011,"2011 (Income)","Gini","Absolute","Europe",0.278,0.1012,0.1082,0.1074,0
"274","Hungary","HU",2011,"2011 (Income)","Gini","Relative","Europe",0.278,36.4028776978417,38.9208633093525,38.6330935251799,0
"275","Hungary","HU",2011,"2011 (Income)","MLD","Absolute","Europe",0.1306,0.0162,0.0184,0.018,0
"276","Hungary","HU",2011,"2011 (Income)","MLD","Relative","Europe",0.1306,12.4042879019908,14.0888208269525,13.7825421133231,0
"277","Hungary","HU",2019,"2019 (Income)","Gini","Absolute","Europe",0.2754,0.0709,0.0891,0.0801,1
"278","Hungary","HU",2019,"2019 (Income)","Gini","Relative","Europe",0.2754,25.7443718228032,32.3529411764706,29.0849673202614,1
"279","Hungary","HU",2019,"2019 (Income)","MLD","Absolute","Europe",0.1458,0.0083,0.0124,0.0102,1
"280","Hungary","HU",2019,"2019 (Income)","MLD","Relative","Europe",0.1458,5.69272976680384,8.50480109739369,6.99588477366255,1
"281","Iceland","IS",2005,"2005 (Income)","Gini","Absolute","Europe",0.2632,0.0551,0.081,0.0746,1
"282","Iceland","IS",2005,"2005 (Income)","Gini","Relative","Europe",0.2632,20.9346504559271,30.7750759878419,28.3434650455927,1
"283","Iceland","IS",2005,"2005 (Income)","MLD","Absolute","Europe",0.1292,0.0074,0.0109,0.0106,1
"284","Iceland","IS",2005,"2005 (Income)","MLD","Relative","Europe",0.1292,5.72755417956656,8.43653250773994,8.20433436532508,1
"285","India","IND",2005,"2005 (Income)","Gini","Absolute","Asia + Oceania",0.4982,0.2851,0.2582,0.3397,0
"286","India","IND",2005,"2005 (Income)","Gini","Relative","Asia + Oceania",0.4982,57.2260136491369,51.8265756724207,68.1854676836612,0
"287","India","IND",2005,"2005 (Income)","MLD","Absolute","Asia + Oceania",0.4537,0.1292,0.1062,0.2472,0
"288","India","IND",2005,"2005 (Income)","MLD","Relative","Asia + Oceania",0.4537,28.4769671589156,23.4075380207185,54.4853427374917,0
"289","India","IND",2012,"2012 (Income)","Gini","Absolute","Asia + Oceania",0.5281,0.2855,0.2664,0.3285,1
"290","India","IND",2012,"2012 (Income)","Gini","Relative","Asia + Oceania",0.5281,54.0617307328157,50.4449914788866,62.2041280060595,1
"291","India","IND",2012,"2012 (Income)","MLD","Absolute","Asia + Oceania",0.5196,0.1301,0.1134,0.2373,1
"292","India","IND",2012,"2012 (Income)","MLD","Relative","Asia + Oceania",0.5196,25.0384911470362,21.824480369515,45.6697459584296,1
"293","Ireland","IE",2005,"2005 (Income)","Gini","Absolute","Europe",0.3091,0.1225,0.1264,0.1055,0
"294","Ireland","IE",2005,"2005 (Income)","Gini","Relative","Europe",0.3091,39.6311873180201,40.8929149142672,34.1313490779683,0
"295","Ireland","IE",2005,"2005 (Income)","MLD","Absolute","Europe",0.1761,0.0279,0.0257,0.0184,0
"296","Ireland","IE",2005,"2005 (Income)","MLD","Relative","Europe",0.1761,15.8432708688245,14.5939806927882,10.4486087450312,0
"297","Ireland","IE",2011,"2011 (Income)","Gini","Absolute","Europe",0.2908,0.0818,0.0937,0.0839,0
"298","Ireland","IE",2011,"2011 (Income)","Gini","Relative","Europe",0.2908,28.1292984869326,32.2214580467675,28.8514442916094,0
"299","Ireland","IE",2011,"2011 (Income)","MLD","Absolute","Europe",0.1503,0.0115,0.014,0.0123,0
"300","Ireland","IE",2011,"2011 (Income)","MLD","Relative","Europe",0.1503,7.65136393878909,9.31470392548237,8.18363273453094,0
"301","Ireland","IE",2019,"2019 (Income)","Gini","Absolute","Europe",0.2812,0.1048,0.1245,0.1173,1
"302","Ireland","IE",2019,"2019 (Income)","Gini","Relative","Europe",0.2812,37.2688477951636,44.2745376955903,41.7140825035562,1
"303","Ireland","IE",2019,"2019 (Income)","MLD","Absolute","Europe",0.1361,0.0176,0.024,0.0216,1
"304","Ireland","IE",2019,"2019 (Income)","MLD","Relative","Europe",0.1361,12.9316678912564,17.634092578986,15.8706833210874,1
"305","Italy","IT",2005,"2005 (Income)","Gini","Absolute","Europe",0.3252,0.1323,0.1245,0.1295,0
"306","Italy","IT",2005,"2005 (Income)","Gini","Relative","Europe",0.3252,40.6826568265683,38.2841328413284,39.8216482164822,0
"307","Italy","IT",2005,"2005 (Income)","MLD","Absolute","Europe",0.1955,0.0282,0.0246,0.0269,0
"308","Italy","IT",2005,"2005 (Income)","MLD","Relative","Europe",0.1955,14.4245524296675,12.5831202046036,13.7595907928389,0
"309","Italy","IT",2011,"2011 (Income)","Gini","Absolute","Europe",0.3206,0.1224,0.1219,0.1261,0
"310","Italy","IT",2011,"2011 (Income)","Gini","Relative","Europe",0.3206,38.1784154709919,38.0224578914535,39.3325015595758,0
"311","Italy","IT",2011,"2011 (Income)","MLD","Absolute","Europe",0.206,0.0244,0.0248,0.0325,0
"312","Italy","IT",2011,"2011 (Income)","MLD","Relative","Europe",0.206,11.8446601941748,12.0388349514563,15.7766990291262,0
"313","Italy","IT",2019,"2019 (Income)","Gini","Absolute","Europe",0.3154,0.1168,0.108,0.1253,1
"314","Italy","IT",2019,"2019 (Income)","Gini","Relative","Europe",0.3154,37.0323398858592,34.2422320862397,39.7273303741281,1
"315","Italy","IT",2019,"2019 (Income)","MLD","Absolute","Europe",0.2073,0.0218,0.0191,0.0261,1
"316","Italy","IT",2019,"2019 (Income)","MLD","Relative","Europe",0.2073,10.5161601543657,9.21369995176073,12.5904486251809,1
"317","Ivory Coast","CIV",2018,"2018 (Consumption)","Gini","Absolute","Africa",0.3251,0.1233,0.1025,0.1012,1
"318","Ivory Coast","CIV",2018,"2018 (Consumption)","Gini","Relative","Africa",0.3251,37.9267917563826,31.5287603814211,31.128883420486,1
"319","Ivory Coast","CIV",2018,"2018 (Consumption)","MLD","Absolute","Africa",0.1726,0.0282,0.0217,0.0195,1
"320","Ivory Coast","CIV",2018,"2018 (Consumption)","MLD","Relative","Africa",0.1726,16.3383545770568,12.5724217844728,11.297798377752,1
"321","Kazakhstan","KAZ",2016,"2016 (Income)","Gini","Absolute","Asia + Oceania",0.3812,0.1023,0.1023,0.0971,1
"322","Kazakhstan","KAZ",2016,"2016 (Income)","Gini","Relative","Asia + Oceania",0.3812,0.1023,26.8363064008395,25.4721930745016,1
"323","Kazakhstan","KAZ",2016,"2016 (Income)","MLD","Absolute","Asia + Oceania",0.255,0.1023,0.016,0.0241,1
"324","Kazakhstan","KAZ",2016,"2016 (Income)","MLD","Relative","Asia + Oceania",0.255,0.1023,6.27450980392157,9.45098039215686,1
"325","Kyrgyzstan","KGZ",2016,"2016 (Income)","Gini","Absolute","Asia + Oceania",0.476,0.1208,0.1556,0.246,1
"326","Kyrgyzstan","KGZ",2016,"2016 (Income)","Gini","Relative","Asia + Oceania",0.476,25.3781512605042,32.6890756302521,51.6806722689076,1
"327","Kyrgyzstan","KGZ",2016,"2016 (Income)","MLD","Absolute","Asia + Oceania",0.4113,0.0276,0.0378,0.2958,1
"328","Kyrgyzstan","KGZ",2016,"2016 (Income)","MLD","Relative","Asia + Oceania",0.4113,6.71043034281546,9.19037199124726,71.9183078045223,1
"329","Latvia","LV",2005,"2005 (Income)","Gini","Absolute","Europe",0.3632,0.1063,0.1284,0.1172,0
"330","Latvia","LV",2005,"2005 (Income)","Gini","Relative","Europe",0.3632,29.2676211453744,35.352422907489,32.2687224669604,0
"331","Latvia","LV",2005,"2005 (Income)","MLD","Absolute","Europe",0.2465,0.0187,0.0257,0.0245,0
"332","Latvia","LV",2005,"2005 (Income)","MLD","Relative","Europe",0.2465,7.58620689655173,10.4259634888438,9.93914807302231,0
"333","Latvia","LV",2011,"2011 (Income)","Gini","Absolute","Europe",0.3519,0.0929,0.1088,0.1086,0
"334","Latvia","LV",2011,"2011 (Income)","Gini","Relative","Europe",0.3519,26.3995453253765,30.9178743961353,30.8610400682012,0
"335","Latvia","LV",2011,"2011 (Income)","MLD","Absolute","Europe",0.2393,0.0142,0.0188,0.0198,0
"336","Latvia","LV",2011,"2011 (Income)","MLD","Relative","Europe",0.2393,5.93397409109904,7.85624738821563,8.2741328875888,0
"337","Latvia","LV",2019,"2019 (Income)","Gini","Absolute","Europe",0.3371,0.0861,0.1067,0.1035,1
"338","Latvia","LV",2019,"2019 (Income)","Gini","Relative","Europe",0.3371,25.541382379116,31.6523286858499,30.7030554731534,1
"339","Latvia","LV",2019,"2019 (Income)","MLD","Absolute","Europe",0.214,0.0131,0.0176,0.0191,1
"340","Latvia","LV",2019,"2019 (Income)","MLD","Relative","Europe",0.214,6.1214953271028,8.22429906542056,8.92523364485981,1
"341","Lithuania","LT",2005,"2005 (Income)","Gini","Absolute","Europe",0.3664,0.104,0.1128,0.1112,0
"342","Lithuania","LT",2005,"2005 (Income)","Gini","Relative","Europe",0.3664,28.3842794759825,30.7860262008734,30.3493449781659,0
"343","Lithuania","LT",2005,"2005 (Income)","MLD","Absolute","Europe",0.245,0.0193,0.0209,0.022,0
"344","Lithuania","LT",2005,"2005 (Income)","MLD","Relative","Europe",0.245,7.87755102040816,8.53061224489796,8.97959183673469,0
"345","Lithuania","LT",2011,"2011 (Income)","Gini","Absolute","Europe",0.335,0.0954,0.0956,0.0803,0
"346","Lithuania","LT",2011,"2011 (Income)","Gini","Relative","Europe",0.335,28.4776119402985,28.5373134328358,23.9701492537313,0
"347","Lithuania","LT",2011,"2011 (Income)","MLD","Absolute","Europe",0.2119,0.0153,0.0149,0.0118,0
"348","Lithuania","LT",2011,"2011 (Income)","MLD","Relative","Europe",0.2119,7.2203869749882,7.03161868806041,5.56866446436999,0
"349","Lithuania","LT",2019,"2019 (Income)","Gini","Absolute","Europe",0.3413,0.1065,0.104,0.103,1
"350","Lithuania","LT",2019,"2019 (Income)","Gini","Relative","Europe",0.3413,31.2042191620275,30.4717257544682,30.1787283914445,1
"351","Lithuania","LT",2019,"2019 (Income)","MLD","Absolute","Europe",0.2197,0.0183,0.0167,0.0184,1
"352","Lithuania","LT",2019,"2019 (Income)","MLD","Relative","Europe",0.2197,8.329540282203,7.60127446517979,8.37505689576695,1
"353","Luxembourg","LU",2005,"2005 (Income)","Gini","Absolute","Europe",0.2667,0.1259,0.135,0.1351,0
"354","Luxembourg","LU",2005,"2005 (Income)","Gini","Relative","Europe",0.2667,47.2065991751031,50.6186726659168,50.6561679790026,0
"355","Luxembourg","LU",2005,"2005 (Income)","MLD","Absolute","Europe",0.1234,0.026,0.0297,0.0319,0
"356","Luxembourg","LU",2005,"2005 (Income)","MLD","Relative","Europe",0.1234,21.0696920583468,24.0680713128039,25.8508914100486,0
"357","Luxembourg","LU",2011,"2011 (Income)","Gini","Absolute","Europe",0.2692,0.1289,0.1335,0.1303,0
"358","Luxembourg","LU",2011,"2011 (Income)","Gini","Relative","Europe",0.2692,47.8826151560178,49.591381872214,48.4026745913819,0
"359","Luxembourg","LU",2011,"2011 (Income)","MLD","Absolute","Europe",0.126,0.0272,0.0283,0.0274,0
"360","Luxembourg","LU",2011,"2011 (Income)","MLD","Relative","Europe",0.126,21.5873015873016,22.4603174603175,21.7460317460318,0
"361","Luxembourg","LU",2019,"2019 (Income)","Gini","Absolute","Europe",0.3221,0.132,0.1417,0.1344,1
"362","Luxembourg","LU",2019,"2019 (Income)","Gini","Relative","Europe",0.3221,40.9810617820553,43.9925488978578,41.7261719962745,1
"363","Luxembourg","LU",2019,"2019 (Income)","MLD","Absolute","Europe",0.1935,0.0307,0.0319,0.031,1
"364","Luxembourg","LU",2019,"2019 (Income)","MLD","Relative","Europe",0.1935,15.8656330749354,16.4857881136951,16.0206718346253,1
"365","Malta","MT",2011,"2011 (Income)","Gini","Absolute","Europe",0.2639,0.0772,0.0871,0.0836,0
"366","Malta","MT",2011,"2011 (Income)","Gini","Relative","Europe",0.2639,29.2535051155741,33.0049261083744,31.6786661614248,0
"367","Malta","MT",2011,"2011 (Income)","MLD","Absolute","Europe",0.1221,0.0107,0.0127,0.0128,0
"368","Malta","MT",2011,"2011 (Income)","MLD","Relative","Europe",0.1221,8.76330876330876,10.4013104013104,10.4832104832105,0
"369","Malta","MT",2019,"2019 (Income)","Gini","Absolute","Europe",0.2655,0.0827,0.0906,0.0913,1
"370","Malta","MT",2019,"2019 (Income)","Gini","Relative","Europe",0.2655,31.1487758945386,34.1242937853107,34.3879472693032,1
"371","Malta","MT",2019,"2019 (Income)","MLD","Absolute","Europe",0.1262,0.0116,0.013,0.0142,1
"372","Malta","MT",2019,"2019 (Income)","MLD","Relative","Europe",0.1262,9.19175911251981,10.3011093502377,11.2519809825673,1
"373","Mexico","MEX",2017,"2017 (Income)","Gini","Absolute","LATAM",0.4446,0.1969,0.1948,0.195,1
"374","Mexico","MEX",2017,"2017 (Income)","Gini","Relative","LATAM",0.4446,44.2869995501574,43.8146648672965,43.859649122807,1
"375","Mexico","MEX",2017,"2017 (Income)","MLD","Absolute","LATAM",0.3487,0.0626,0.0597,0.067,1
"376","Mexico","MEX",2017,"2017 (Income)","MLD","Relative","LATAM",0.3487,17.952394608546,17.1207341554345,19.2142242615429,1
"377","Mongolia","MNG",2016,"2016 (Income)","Gini","Absolute","Asia + Oceania",0.4961,0.0964,0.1785,0.2868,1
"378","Mongolia","MNG",2016,"2016 (Income)","Gini","Relative","Asia + Oceania",0.4961,19.4315662164886,35.980649062689,57.8109252166902,1
"379","Mongolia","MNG",2016,"2016 (Income)","MLD","Absolute","Asia + Oceania",0.4607,0.0237,0.0504,0.1616,1
"380","Mongolia","MNG",2016,"2016 (Income)","MLD","Relative","Asia + Oceania",0.4607,5.14434556110267,10.9398741046234,35.0770566529195,1
"381","Nepal","NPL",2003,"2003 (Consumption)","Gini","Absolute","Asia + Oceania",0.4629,0.2428,0.2362,0.2542,0
"382","Nepal","NPL",2003,"2003 (Consumption)","Gini","Relative","Asia + Oceania",0.4629,52.451933462951,51.0261395549795,54.9146683949017,0
"383","Nepal","NPL",2003,"2003 (Consumption)","MLD","Absolute","Asia + Oceania",0.3588,0.0981,0.0908,0.1042,0
"384","Nepal","NPL",2003,"2003 (Consumption)","MLD","Relative","Asia + Oceania",0.3588,27.3411371237458,25.3065774804905,29.041248606466,0
"385","Nepal","NPL",2011,"2011 (Consumption)","Gini","Absolute","Asia + Oceania",0.5414,0.2208,0.2252,0.2729,1
"386","Nepal","NPL",2011,"2011 (Consumption)","Gini","Relative","Asia + Oceania",0.5414,40.7831547838936,41.5958625785002,50.4063538973033,1
"387","Nepal","NPL",2011,"2011 (Consumption)","MLD","Absolute","Asia + Oceania",0.5201,0.079,0.0797,0.1261,1
"388","Nepal","NPL",2011,"2011 (Consumption)","MLD","Relative","Asia + Oceania",0.5201,15.1893866564122,15.3239761584311,24.2453374351086,1
"389","Netherlands","NL",2005,"2005 (Income)","Gini","Absolute","Europe",0.2716,0.0855,0.0853,0.0853,0
"390","Netherlands","NL",2005,"2005 (Income)","Gini","Relative","Europe",0.2716,31.480117820324,31.4064801178203,31.4064801178203,0
"391","Netherlands","NL",2005,"2005 (Income)","MLD","Absolute","Europe",0.1341,0.0141,0.0132,0.0152,0
"392","Netherlands","NL",2005,"2005 (Income)","MLD","Relative","Europe",0.1341,10.5145413870246,9.84340044742729,11.3348247576436,0
"393","Netherlands","NL",2011,"2011 (Income)","Gini","Absolute","Europe",0.2495,0.0372,0.0585,0.0484,0
"394","Netherlands","NL",2011,"2011 (Income)","Gini","Relative","Europe",0.2495,14.9098196392786,23.4468937875751,19.3987975951904,0
"395","Netherlands","NL",2011,"2011 (Income)","MLD","Absolute","Europe",0.106,0.003,0.0055,0.0039,0
"396","Netherlands","NL",2011,"2011 (Income)","MLD","Relative","Europe",0.106,2.83018867924528,5.18867924528302,3.67924528301887,0
"397","Netherlands","NL",2019,"2019 (Income)","Gini","Absolute","Europe",0.2553,0.0634,0.0858,0.1062,1
"398","Netherlands","NL",2019,"2019 (Income)","Gini","Relative","Europe",0.2553,24.8335291813553,33.6075205640423,41.5981198589894,1
"399","Netherlands","NL",2019,"2019 (Income)","MLD","Absolute","Europe",0.1149,0.007,0.0117,0.0313,1
"400","Netherlands","NL",2019,"2019 (Income)","MLD","Relative","Europe",0.1149,6.09225413402959,10.1827676240209,27.2410791993037,1
"401","Niger","NER",2018,"2018 (Consumption)","Gini","Absolute","Africa",0.3114,0.0822,0.0787,0.0823,1
"402","Niger","NER",2018,"2018 (Consumption)","Gini","Relative","Africa",0.3114,26.3969171483622,25.2729608220938,26.4290301862556,1
"403","Niger","NER",2018,"2018 (Consumption)","MLD","Absolute","Africa",0.1604,0.0288,0.0266,0.0266,1
"404","Niger","NER",2018,"2018 (Consumption)","MLD","Relative","Africa",0.1604,17.9551122194514,16.5835411471322,16.5835411471322,1
"405","Nigeria","NGA",2019,"2019 (Consumption)","Gini","Absolute","Africa",0.2881,0.1265,0.1202,0.1318,1
"406","Nigeria","NGA",2019,"2019 (Consumption)","Gini","Relative","Africa",0.2881,43.9083651509892,41.7216244359597,45.7480041652204,1
"407","Nigeria","NGA",2019,"2019 (Consumption)","MLD","Absolute","Africa",0.1377,0.0249,0.0226,0.0267,1
"408","Nigeria","NGA",2019,"2019 (Consumption)","MLD","Relative","Africa",0.1377,18.082788671024,16.4124909222948,19.3899782135076,1
"409","Norway","NO",2005,"2005 (Income)","Gini","Absolute","Europe",0.2474,0.0791,0.0937,0.0955,0
"410","Norway","NO",2005,"2005 (Income)","Gini","Relative","Europe",0.2474,31.9725141471301,37.8738884397737,38.6014551333872,0
"411","Norway","NO",2005,"2005 (Income)","MLD","Absolute","Europe",0.1154,0.0182,0.0166,0.0179,0
"412","Norway","NO",2005,"2005 (Income)","MLD","Relative","Europe",0.1154,15.7712305025996,14.3847487001733,15.5112651646447,0
"413","Norway","NO",2011,"2011 (Income)","Gini","Absolute","Europe",0.2268,0.0313,0.0529,0.0374,0
"414","Norway","NO",2011,"2011 (Income)","Gini","Relative","Europe",0.2268,13.8007054673721,23.3245149911817,16.4902998236332,0
"415","Norway","NO",2011,"2011 (Income)","MLD","Absolute","Europe",0.1007,0.0022,0.0044,0.0026,0
"416","Norway","NO",2011,"2011 (Income)","MLD","Relative","Europe",0.1007,2.18470705064548,4.36941410129096,2.58192651439921,0
"417","Norway","NO",2019,"2019 (Income)","Gini","Absolute","Europe",0.2731,0.0988,0.112,0.1073,1
"418","Norway","NO",2019,"2019 (Income)","Gini","Relative","Europe",0.2731,36.1772244599048,41.0106188209447,39.2896374954229,1
"419","Norway","NO",2019,"2019 (Income)","MLD","Absolute","Europe",0.1487,0.0176,0.0202,0.0196,1
"420","Norway","NO",2019,"2019 (Income)","MLD","Relative","Europe",0.1487,11.8359112306658,13.5843981170141,13.1809011432414,1
"421","Panama","PAN",2003,"2003 (Income)","Gini","Absolute","LATAM",0.527,0.3059,0.2861,0.3345,1
"422","Panama","PAN",2003,"2003 (Income)","Gini","Relative","LATAM",0.527,58.0455407969639,54.2884250474383,63.472485768501,1
"423","Panama","PAN",2003,"2003 (Income)","MLD","Absolute","LATAM",0.6359,0.1564,0.1317,0.2089,1
"424","Panama","PAN",2003,"2003 (Income)","MLD","Relative","LATAM",0.6359,24.595062116685,20.7108035854694,32.8510772133983,1
"425","Peru","PER",2001,"2001 (Income)","Gini","Absolute","LATAM",0.4969,0.2971,0.3019,0.3205,0
"426","Peru","PER",2001,"2001 (Income)","Gini","Relative","LATAM",0.4969,59.7907023545985,60.7566914872208,64.499899376132,0
"427","Peru","PER",2001,"2001 (Income)","MLD","Absolute","LATAM",0.4724,0.1425,0.1441,0.2039,0
"428","Peru","PER",2001,"2001 (Income)","MLD","Relative","LATAM",0.4724,30.1651143099069,30.5038103302286,43.1625740897545,0
"429","Peru","PER",2006,"2006 (Income)","Gini","Absolute","LATAM",0.477,0.3157,0.3095,0.3337,0
"430","Peru","PER",2006,"2006 (Income)","Gini","Relative","LATAM",0.477,66.1844863731656,64.8846960167715,69.958071278826,0
"431","Peru","PER",2006,"2006 (Income)","MLD","Absolute","LATAM",0.4229,0.1609,0.1533,0.1883,0
"432","Peru","PER",2006,"2006 (Income)","MLD","Relative","LATAM",0.4229,38.0468195790967,36.2497044218491,44.5258926460156,0
"433","Peru","PER",2007,"2007 (Income)","Gini","Absolute","LATAM",0.4755,0.3144,0.3134,0.3367,0
"434","Peru","PER",2007,"2007 (Income)","Gini","Relative","LATAM",0.4755,66.1198738170347,65.9095688748686,70.8096740273397,0
"435","Peru","PER",2007,"2007 (Income)","MLD","Absolute","LATAM",0.4301,0.1581,0.1582,0.1944,0
"436","Peru","PER",2007,"2007 (Income)","MLD","Relative","LATAM",0.4301,36.7588932806324,36.7821436875145,45.1987909788421,0
"437","Peru","PER",2008,"2008 (Income)","Gini","Absolute","LATAM",0.4471,0.2816,0.2864,0.3085,0
"438","Peru","PER",2008,"2008 (Income)","Gini","Relative","LATAM",0.4471,62.9836725564751,64.0572578841422,69.0002236636099,0
"439","Peru","PER",2008,"2008 (Income)","MLD","Absolute","LATAM",0.3777,0.1283,0.132,0.1649,0
"440","Peru","PER",2008,"2008 (Income)","MLD","Relative","LATAM",0.3777,33.9687582737622,34.9483717235902,43.6589886153032,0
"441","Peru","PER",2009,"2009 (Income)","Gini","Absolute","LATAM",0.4472,0.2784,0.2797,0.2969,0
"442","Peru","PER",2009,"2009 (Income)","Gini","Relative","LATAM",0.4472,62.2540250447227,62.5447227191413,66.3908765652952,0
"443","Peru","PER",2009,"2009 (Income)","MLD","Absolute","LATAM",0.3739,0.1243,0.1254,0.1527,0
"444","Peru","PER",2009,"2009 (Income)","MLD","Relative","LATAM",0.3739,33.2441829366141,33.5383792457877,40.8397967370955,0
"445","Peru","PER",2010,"2010 (Income)","Gini","Absolute","LATAM",0.4411,0.2646,0.2676,0.289,0
"446","Peru","PER",2010,"2010 (Income)","Gini","Relative","LATAM",0.4411,59.986397642258,60.6665155293584,65.5180231240082,0
"447","Peru","PER",2010,"2010 (Income)","MLD","Absolute","LATAM",0.3587,0.1113,0.1132,0.142,0
"448","Peru","PER",2010,"2010 (Income)","MLD","Relative","LATAM",0.3587,31.0287148034569,31.5584053526624,39.5873989406189,0
"449","Peru","PER",2011,"2011 (Income)","Gini","Absolute","LATAM",0.4366,0.2576,0.2547,0.2853,0
"450","Peru","PER",2011,"2011 (Income)","Gini","Relative","LATAM",0.4366,59.0013742556115,58.3371507100321,65.3458543289052,0
"451","Peru","PER",2011,"2011 (Income)","MLD","Absolute","LATAM",0.3528,0.1058,0.1025,0.1449,0
"452","Peru","PER",2011,"2011 (Income)","MLD","Relative","LATAM",0.3528,29.9886621315193,29.0532879818594,41.0714285714286,0
"453","Peru","PER",2012,"2012 (Income)","Gini","Absolute","LATAM",0.4279,0.2517,0.2534,0.2804,0
"454","Peru","PER",2012,"2012 (Income)","Gini","Relative","LATAM",0.4279,58.8221547090442,59.2194437952793,65.5293292825426,0
"455","Peru","PER",2012,"2012 (Income)","MLD","Absolute","LATAM",0.3417,0.1011,0.1021,0.137,0
"456","Peru","PER",2012,"2012 (Income)","MLD","Relative","LATAM",0.3417,29.5873573309921,29.880011706175,40.0936494000585,0
"457","Peru","PER",2013,"2013 (Income)","Gini","Absolute","LATAM",0.4255,0.2473,0.256,0.2799,0
"458","Peru","PER",2013,"2013 (Income)","Gini","Relative","LATAM",0.4255,58.1198589894242,60.1645123384254,65.7814336075206,0
"459","Peru","PER",2013,"2013 (Income)","MLD","Absolute","LATAM",0.3351,0.0988,0.1042,0.131,0
"460","Peru","PER",2013,"2013 (Income)","MLD","Relative","LATAM",0.3351,29.4837361981498,31.0951954640406,39.09280811698,0
"461","Peru","PER",2014,"2014 (Income)","Gini","Absolute","LATAM",0.4156,0.2524,0.2593,0.2844,0
"462","Peru","PER",2014,"2014 (Income)","Gini","Relative","LATAM",0.4156,60.7314725697786,62.3917228103946,68.4311838306063,0
"463","Peru","PER",2014,"2014 (Income)","MLD","Absolute","LATAM",0.3182,0.1025,0.1065,0.134,0
"464","Peru","PER",2014,"2014 (Income)","MLD","Relative","LATAM",0.3182,32.2124450031427,33.4695160276556,42.1118793211816,0
"465","Peru","PER",2015,"2015 (Income)","Gini","Absolute","LATAM",0.4225,0.2604,0.2673,0.2865,1
"466","Peru","PER",2015,"2015 (Income)","Gini","Relative","LATAM",0.4225,61.6331360946746,63.2662721893491,67.810650887574,1
"467","Peru","PER",2015,"2015 (Income)","MLD","Absolute","LATAM",0.327,0.1092,0.113,0.1361,1
"468","Peru","PER",2015,"2015 (Income)","MLD","Relative","LATAM",0.327,33.394495412844,34.5565749235474,41.6207951070336,1
"469","Poland","PL",2005,"2005 (Income)","Gini","Absolute","Europe",0.3573,0.1329,0.1251,0.1276,0
"470","Poland","PL",2005,"2005 (Income)","Gini","Relative","Europe",0.3573,37.1956339210747,35.0125944584383,35.7122865938987,0
"471","Poland","PL",2005,"2005 (Income)","MLD","Absolute","Europe",0.2362,0.0286,0.0257,0.0313,0
"472","Poland","PL",2005,"2005 (Income)","MLD","Relative","Europe",0.2362,12.108382726503,10.8806096528366,13.2514817950889,0
"473","Poland","PL",2011,"2011 (Income)","Gini","Absolute","Europe",0.3144,0.0926,0.0966,0.0995,0
"474","Poland","PL",2011,"2011 (Income)","Gini","Relative","Europe",0.3144,29.4529262086514,30.7251908396947,31.647582697201,0
"475","Poland","PL",2011,"2011 (Income)","MLD","Absolute","Europe",0.1777,0.0142,0.015,0.0181,0
"476","Poland","PL",2011,"2011 (Income)","MLD","Relative","Europe",0.1777,7.99099606077659,8.4411930219471,10.1857062464828,0
"477","Poland","PL",2019,"2019 (Income)","Gini","Absolute","Europe",0.2818,0.0844,0.0882,0.0925,1
"478","Poland","PL",2019,"2019 (Income)","Gini","Relative","Europe",0.2818,29.9503193754436,31.2987934705465,32.8246983676366,1
"479","Poland","PL",2019,"2019 (Income)","MLD","Absolute","Europe",0.1465,0.0112,0.0122,0.0134,1
"480","Poland","PL",2019,"2019 (Income)","MLD","Relative","Europe",0.1465,7.64505119453925,8.32764505119454,9.14675767918089,1
"481","Portugal","PT",2005,"2005 (Income)","Gini","Absolute","Europe",0.3775,0.1786,0.1861,0.1804,0
"482","Portugal","PT",2005,"2005 (Income)","Gini","Relative","Europe",0.3775,47.3112582781457,49.2980132450331,47.7880794701987,0
"483","Portugal","PT",2005,"2005 (Income)","MLD","Absolute","Europe",0.2507,0.0554,0.0577,0.055,0
"484","Portugal","PT",2005,"2005 (Income)","MLD","Relative","Europe",0.2507,22.098125249302,23.0155564419625,21.9385719984045,0
"485","Portugal","PT",2011,"2011 (Income)","Gini","Absolute","Europe",0.3367,0.1334,0.1465,0.1406,0
"486","Portugal","PT",2011,"2011 (Income)","Gini","Relative","Europe",0.3367,39.6198396198396,43.5105435105435,41.7582417582418,0
"487","Portugal","PT",2011,"2011 (Income)","MLD","Absolute","Europe",0.1967,0.0314,0.0355,0.0336,0
"488","Portugal","PT",2011,"2011 (Income)","MLD","Relative","Europe",0.1967,15.9633960345704,18.047788510422,17.0818505338078,0
"489","Portugal","PT",2019,"2019 (Income)","Gini","Absolute","Europe",0.3059,0.1184,0.1347,0.1354,1
"490","Portugal","PT",2019,"2019 (Income)","Gini","Relative","Europe",0.3059,38.705459300425,44.0339980385747,44.2628309905198,1
"491","Portugal","PT",2019,"2019 (Income)","MLD","Absolute","Europe",0.1724,0.0243,0.03,0.0301,1
"492","Portugal","PT",2019,"2019 (Income)","MLD","Relative","Europe",0.1724,14.0951276102088,17.4013921113689,17.4593967517401,1
"493","Romania","RO",2011,"2011 (Income)","Gini","Absolute","Europe",0.3383,0.1509,0.1443,0.1751,0
"494","Romania","RO",2011,"2011 (Income)","Gini","Relative","Europe",0.3383,44.6053798403784,42.654448714159,51.7587939698493,0
"495","Romania","RO",2011,"2011 (Income)","MLD","Absolute","Europe",0.2167,0.0383,0.0337,0.0518,0
"496","Romania","RO",2011,"2011 (Income)","MLD","Relative","Europe",0.2167,17.6742039686202,15.5514536225196,23.9040147669589,0
"497","Romania","RO",2019,"2019 (Income)","Gini","Absolute","Europe",0.3406,0.1507,0.1436,0.198,1
"498","Romania","RO",2019,"2019 (Income)","Gini","Relative","Europe",0.3406,44.2454492072813,42.1608925425719,58.1327069876688,1
"499","Romania","RO",2019,"2019 (Income)","MLD","Absolute","Europe",0.2328,0.0383,0.0326,0.0741,1
"500","Romania","RO",2019,"2019 (Income)","MLD","Relative","Europe",0.2328,16.4518900343643,14.0034364261168,31.8298969072165,1
"501","Senegal","SEN",2018,"2018 (Consumption)","Gini","Absolute","Africa",0.3144,0.1069,0.093,0.1023,1
"502","Senegal","SEN",2018,"2018 (Consumption)","Gini","Relative","Africa",0.3144,34.001272264631,29.5801526717557,32.5381679389313,1
"503","Senegal","SEN",2018,"2018 (Consumption)","MLD","Absolute","Africa",0.1597,0.0279,0.0219,0.0245,1
"504","Senegal","SEN",2018,"2018 (Consumption)","MLD","Relative","Africa",0.1597,17.4702567313713,13.7132122730119,15.3412648716343,1
"505","Sierra Leone","SRL",2011,"2011 (Consumption)","Gini","Absolute","Africa",0.3116,0.1424,0.171,0.1591,0
"506","Sierra Leone","SRL",2011,"2011 (Consumption)","Gini","Relative","Africa",0.3116,45.6996148908857,54.8780487804878,51.0590500641849,0
"507","Sierra Leone","SRL",2011,"2011 (Consumption)","MLD","Absolute","Africa",0.1583,0.0384,0.0474,0.0418,0
"508","Sierra Leone","SRL",2011,"2011 (Consumption)","MLD","Relative","Africa",0.1583,24.2577384712571,29.943145925458,26.4055590650663,0
"509","Sierra Leone","SRL",2018,"2018 (Consumption)","Gini","Absolute","Africa",0.3106,0.137,0.1369,0.1436,1
"510","Sierra Leone","SRL",2018,"2018 (Consumption)","Gini","Relative","Africa",0.3106,44.1081777205409,44.0759819703799,46.2330972311655,1
"511","Sierra Leone","SRL",2018,"2018 (Consumption)","MLD","Absolute","Africa",0.1583,0.0348,0.0358,0.0357,1
"512","Sierra Leone","SRL",2018,"2018 (Consumption)","MLD","Relative","Africa",0.1583,21.9835754895768,22.6152874289324,22.5521162349968,1
"513","Slovakia","SK",2005,"2005 (Income)","Gini","Absolute","Europe",0.2719,0.0773,0.0842,0.0733,0
"514","Slovakia","SK",2005,"2005 (Income)","Gini","Relative","Europe",0.2719,28.4295696947407,30.9672673777124,26.9584406031629,0
"515","Slovakia","SK",2005,"2005 (Income)","MLD","Absolute","Europe",0.1326,0.0096,0.0114,0.0095,0
"516","Slovakia","SK",2005,"2005 (Income)","MLD","Relative","Europe",0.1326,7.23981900452489,8.5972850678733,7.16440422322775,0
"517","Slovakia","SK",2011,"2011 (Income)","Gini","Absolute","Europe",0.2637,0.0639,0.064,0.0646,0
"518","Slovakia","SK",2011,"2011 (Income)","Gini","Relative","Europe",0.2637,24.2320819112628,24.2700037921881,24.4975350777399,0
"519","Slovakia","SK",2011,"2011 (Income)","MLD","Absolute","Europe",0.1325,0.0068,0.0064,0.0082,0
"520","Slovakia","SK",2011,"2011 (Income)","MLD","Relative","Europe",0.1325,5.13207547169811,4.83018867924528,6.18867924528302,0
"521","Slovakia","SK",2019,"2019 (Income)","Gini","Absolute","Europe",0.2324,0.0702,0.0746,0.0862,1
"522","Slovakia","SK",2019,"2019 (Income)","Gini","Relative","Europe",0.2324,30.2065404475043,32.0998278829604,37.0912220309811,1
"523","Slovakia","SK",2019,"2019 (Income)","MLD","Absolute","Europe",0.1072,0.0093,0.0092,0.0169,1
"524","Slovakia","SK",2019,"2019 (Income)","MLD","Relative","Europe",0.1072,8.67537313432836,8.58208955223881,15.7649253731343,1
"525","Slovenia","SI",2005,"2005 (Income)","Gini","Absolute","Europe",0.2505,0.0947,0.0947,0.0998,0
"526","Slovenia","SI",2005,"2005 (Income)","Gini","Relative","Europe",0.2505,37.8043912175649,37.8043912175649,39.8403193612774,0
"527","Slovenia","SI",2005,"2005 (Income)","MLD","Absolute","Europe",0.1194,0.0148,0.0147,0.0165,0
"528","Slovenia","SI",2005,"2005 (Income)","MLD","Relative","Europe",0.1194,12.3953098827471,12.3115577889447,13.8190954773869,0
"529","Slovenia","SI",2011,"2011 (Income)","Gini","Absolute","Europe",0.2602,0.0726,0.0815,0.0689,0
"530","Slovenia","SI",2011,"2011 (Income)","Gini","Relative","Europe",0.2602,27.9016141429669,31.3220599538816,26.4796310530361,0
"531","Slovenia","SI",2011,"2011 (Income)","MLD","Absolute","Europe",0.1236,0.0086,0.0105,0.008,0
"532","Slovenia","SI",2011,"2011 (Income)","MLD","Relative","Europe",0.1236,6.957928802589,8.49514563106796,6.47249190938511,0
"533","Slovenia","SI",2019,"2019 (Income)","Gini","Absolute","Europe",0.249,0.0819,0.0865,0.0915,1
"534","Slovenia","SI",2019,"2019 (Income)","Gini","Relative","Europe",0.249,32.8915662650602,34.7389558232932,36.7469879518072,1
"535","Slovenia","SI",2019,"2019 (Income)","MLD","Absolute","Europe",0.1103,0.0112,0.0119,0.0134,1
"536","Slovenia","SI",2019,"2019 (Income)","MLD","Relative","Europe",0.1103,10.1541251133273,10.7887579329103,12.1486854034451,1
"537","South Africa","ZAF",2008,"2008 (Income)","Gini","Absolute","Africa",0.6475,0.4498,0.4787,0.5334,0
"538","South Africa","ZAF",2008,"2008 (Income)","Gini","Relative","Africa",0.6475,69.4671814671815,73.9305019305019,82.3783783783784,0
"539","South Africa","ZAF",2008,"2008 (Income)","MLD","Absolute","Africa",0.8389,0.3476,0.3849,0.5335,0
"540","South Africa","ZAF",2008,"2008 (Income)","MLD","Relative","Africa",0.8389,41.4352127786387,45.8815115031589,63.5951841697461,0
"541","South Africa","ZAF",2012,"2012 (Income)","Gini","Absolute","Africa",0.6174,0.4058,0.4299,0.4787,0
"542","South Africa","ZAF",2012,"2012 (Income)","Gini","Relative","Africa",0.6174,65.7272432782637,69.6307094266278,77.5348234531908,0
"543","South Africa","ZAF",2012,"2012 (Income)","MLD","Absolute","Africa",0.7115,0.2874,0.3006,0.4048,0
"544","South Africa","ZAF",2012,"2012 (Income)","MLD","Relative","Africa",0.7115,40.3935347856641,42.2487702037948,56.8938861560084,0
"545","South Africa","ZAF",2015,"2015 (Income)","Gini","Absolute","Africa",0.5737,0.3677,0.3849,0.385,0
"546","South Africa","ZAF",2015,"2015 (Income)","Gini","Relative","Africa",0.5737,64.092731392714,67.0908140142932,67.1082447272093,0
"547","South Africa","ZAF",2015,"2015 (Income)","MLD","Absolute","Africa",0.5986,0.2273,0.2416,0.2479,0
"548","South Africa","ZAF",2015,"2015 (Income)","MLD","Relative","Africa",0.5986,37.9719345138657,40.360841964584,41.4132976946208,0
"549","South Africa","ZAF",2017,"2017 (Income)","Gini","Absolute","Africa",0.6098,0.4154,0.468,0.4955,1
"550","South Africa","ZAF",2017,"2017 (Income)","Gini","Relative","Africa",0.6098,68.1206953099377,76.7464742538537,81.2561495572319,1
"551","South Africa","ZAF",2017,"2017 (Income)","MLD","Absolute","Africa",0.6903,0.2879,0.3597,0.4131,1
"552","South Africa","ZAF",2017,"2017 (Income)","MLD","Relative","Africa",0.6903,41.7065044183688,52.1077792264233,59.8435462842243,1
"553","South Korea","KOR",1999,"1999 (Income)","Gini","Absolute","Asia + Oceania",0.3901,0.0582,0.0937,0.0897,0
"554","South Korea","KOR",1999,"1999 (Income)","Gini","Relative","Asia + Oceania",0.3901,14.919251473981,24.0194821840554,22.994104075878,0
"555","South Korea","KOR",1999,"1999 (Income)","MLD","Absolute","Asia + Oceania",0.2898,0.01,0.0155,0.0168,0
"556","South Korea","KOR",1999,"1999 (Income)","MLD","Relative","Asia + Oceania",0.2898,3.45065562456867,5.34851621808144,5.79710144927536,0
"557","South Korea","KOR",2001,"2001 (Income)","Gini","Absolute","Asia + Oceania",0.3949,0.0711,0.0954,0.0903,0
"558","South Korea","KOR",2001,"2001 (Income)","Gini","Relative","Asia + Oceania",0.3949,18.0045581159787,24.1580146872626,22.8665484932895,0
"559","South Korea","KOR",2001,"2001 (Income)","MLD","Absolute","Asia + Oceania",0.2976,0.0106,0.0152,0.0174,0
"560","South Korea","KOR",2001,"2001 (Income)","MLD","Relative","Asia + Oceania",0.2976,3.56182795698925,5.10752688172043,5.84677419354839,0
"561","South Korea","KOR",2003,"2003 (Income)","Gini","Absolute","Asia + Oceania",0.4028,0.0764,0.103,0.1174,0
"562","South Korea","KOR",2003,"2003 (Income)","Gini","Relative","Asia + Oceania",0.4028,18.9672293942403,25.571002979146,29.1459781529295,0
"563","South Korea","KOR",2003,"2003 (Income)","MLD","Absolute","Asia + Oceania",0.2965,0.0114,0.0178,0.0523,0
"564","South Korea","KOR",2003,"2003 (Income)","MLD","Relative","Asia + Oceania",0.2965,3.84485666104553,6.00337268128162,17.6391231028668,0
"565","South Korea","KOR",2005,"2005 (Income)","Gini","Absolute","Asia + Oceania",0.3919,0.0952,0.1116,0.1305,0
"566","South Korea","KOR",2005,"2005 (Income)","Gini","Relative","Asia + Oceania",0.3919,24.2919112018372,28.4766522071957,33.2993110487369,0
"567","South Korea","KOR",2005,"2005 (Income)","MLD","Absolute","Asia + Oceania",0.2774,0.0155,0.0207,0.0588,0
"568","South Korea","KOR",2005,"2005 (Income)","MLD","Relative","Asia + Oceania",0.2774,5.58759913482336,7.46214852198991,21.1968276856525,0
"569","South Korea","KOR",2007,"2007 (Income)","Gini","Absolute","Asia + Oceania",0.4084,0.0638,0.1073,0.1226,0
"570","South Korea","KOR",2007,"2007 (Income)","Gini","Relative","Asia + Oceania",0.4084,15.6219392752204,26.2732615083252,30.0195886385896,0
"571","South Korea","KOR",2007,"2007 (Income)","MLD","Absolute","Asia + Oceania",0.3004,0.0075,0.02,0.0586,0
"572","South Korea","KOR",2007,"2007 (Income)","MLD","Relative","Asia + Oceania",0.3004,2.49667110519308,6.6577896138482,19.5073235685752,0
"573","South Korea","KOR",2009,"2009 (Income)","Gini","Absolute","Asia + Oceania",0.3731,0.0704,0.0992,0.1075,0
"574","South Korea","KOR",2009,"2009 (Income)","Gini","Relative","Asia + Oceania",0.3731,18.8689359421067,26.5880461002412,28.8126507638703,0
"575","South Korea","KOR",2009,"2009 (Income)","MLD","Absolute","Asia + Oceania",0.2577,0.0085,0.017,0.029,0
"576","South Korea","KOR",2009,"2009 (Income)","MLD","Relative","Asia + Oceania",0.2577,3.29840900271634,6.59681800543267,11.2533954210322,0
"577","South Korea","KOR",2011,"2011 (Income)","Gini","Absolute","Asia + Oceania",0.3681,0.0632,0.0972,0.1058,0
"578","South Korea","KOR",2011,"2011 (Income)","Gini","Relative","Asia + Oceania",0.3681,17.1692474870959,26.4058679706601,28.7421896223852,0
"579","South Korea","KOR",2011,"2011 (Income)","MLD","Absolute","Asia + Oceania",0.2438,0.0074,0.0155,0.0317,0
"580","South Korea","KOR",2011,"2011 (Income)","MLD","Relative","Asia + Oceania",0.2438,3.03527481542248,6.35767022149303,13.0024610336341,0
"581","South Korea","KOR",2013,"2013 (Income)","Gini","Absolute","Asia + Oceania",0.358,0.0781,0.0936,0.0942,0
"582","South Korea","KOR",2013,"2013 (Income)","Gini","Relative","Asia + Oceania",0.358,21.8156424581006,26.145251396648,26.3128491620112,0
"583","South Korea","KOR",2013,"2013 (Income)","MLD","Absolute","Asia + Oceania",0.2278,0.0108,0.0146,0.024,0
"584","South Korea","KOR",2013,"2013 (Income)","MLD","Relative","Asia + Oceania",0.2278,4.74100087796313,6.40913081650571,10.5355575065847,0
"585","South Korea","KOR",2015,"2015 (Income)","Gini","Absolute","Asia + Oceania",0.3486,0.0434,0.0842,0.0889,0
"586","South Korea","KOR",2015,"2015 (Income)","Gini","Relative","Asia + Oceania",0.3486,12.4497991967872,24.1537578886977,25.5020080321285,0
"587","South Korea","KOR",2015,"2015 (Income)","MLD","Absolute","Asia + Oceania",0.2149,0.0052,0.0117,0.0343,0
"588","South Korea","KOR",2015,"2015 (Income)","MLD","Relative","Asia + Oceania",0.2149,2.41973010702652,5.44439274080968,15.9609120521173,0
"589","South Korea","KOR",2017,"2017 (Income)","Gini","Absolute","Asia + Oceania",0.3601,0.0652,0.0897,0.0749,0
"590","South Korea","KOR",2017,"2017 (Income)","Gini","Relative","Asia + Oceania",0.3601,18.1060816439878,24.9097472924188,20.799777839489,0
"591","South Korea","KOR",2017,"2017 (Income)","MLD","Absolute","Asia + Oceania",0.2295,0.0122,0.0144,0.0123,0
"592","South Korea","KOR",2017,"2017 (Income)","MLD","Relative","Asia + Oceania",0.2295,5.31590413943355,6.27450980392157,5.35947712418301,0
"593","South Korea","KOR",2019,"2019 (Income)","Gini","Absolute","Asia + Oceania",0.3313,0.0633,0.0809,0.0591,1
"594","South Korea","KOR",2019,"2019 (Income)","Gini","Relative","Asia + Oceania",0.3313,19.1065499547238,24.418955629339,17.8388167823725,1
"595","South Korea","KOR",2019,"2019 (Income)","MLD","Absolute","Asia + Oceania",0.1979,0.0074,0.0107,0.0079,1
"596","South Korea","KOR",2019,"2019 (Income)","MLD","Relative","Asia + Oceania",0.1979,3.73926225366347,5.40677109651339,3.99191510864073,1
"597","Spain","ES",2005,"2005 (Income)","Gini","Absolute","Europe",0.3118,0.104,0.1119,0.111,0
"598","Spain","ES",2005,"2005 (Income)","Gini","Relative","Europe",0.3118,33.3547145606158,35.8883899935856,35.5997434252726,0
"599","Spain","ES",2005,"2005 (Income)","MLD","Absolute","Europe",0.1862,0.0175,0.0201,0.0205,0
"600","Spain","ES",2005,"2005 (Income)","MLD","Relative","Europe",0.1862,9.3984962406015,10.7948442534909,11.0096670247046,0
"601","Spain","ES",2011,"2011 (Income)","Gini","Absolute","Europe",0.3285,0.1341,0.1279,0.1384,0
"602","Spain","ES",2011,"2011 (Income)","Gini","Relative","Europe",0.3285,40.8219178082192,38.9345509893455,42.130898021309,0
"603","Spain","ES",2011,"2011 (Income)","MLD","Absolute","Europe",0.203,0.0296,0.0275,0.0328,0
"604","Spain","ES",2011,"2011 (Income)","MLD","Relative","Europe",0.203,14.5812807881773,13.5467980295566,16.1576354679803,0
"605","Spain","ES",2019,"2019 (Income)","Gini","Absolute","Europe",0.329,0.151,0.1453,0.159,1
"606","Spain","ES",2019,"2019 (Income)","Gini","Relative","Europe",0.329,45.8966565349544,44.1641337386018,48.3282674772037,1
"607","Spain","ES",2019,"2019 (Income)","MLD","Absolute","Europe",0.2111,0.0376,0.0355,0.0448,1
"608","Spain","ES",2019,"2019 (Income)","MLD","Relative","Europe",0.2111,17.8114637612506,16.816674561819,21.222169587873,1
"609","Sweden","SE",2019,"2019 (Income)","Gini","Absolute","Europe",0.2755,0.1041,0.0938,0.0994,1
"610","Sweden","SE",2019,"2019 (Income)","Gini","Relative","Europe",0.2755,37.7858439201452,34.0471869328494,36.0798548094374,1
"611","Sweden","SE",2019,"2019 (Income)","MLD","Absolute","Europe",0.166,0.0271,0.0166,0.0207,1
"612","Sweden","SE",2019,"2019 (Income)","MLD","Relative","Europe",0.166,16.3253012048193,10,12.4698795180723,1
"613","Switzerland","CH",2011,"2011 (Income)","Gini","Absolute","Europe",0.2803,0.0836,0.0934,0.0744,0
"614","Switzerland","CH",2011,"2011 (Income)","Gini","Relative","Europe",0.2803,29.8251872993221,33.3214413128791,26.5429896539422,0
"615","Switzerland","CH",2011,"2011 (Income)","MLD","Absolute","Europe",0.137,0.0119,0.0143,0.009,0
"616","Switzerland","CH",2011,"2011 (Income)","MLD","Relative","Europe",0.137,8.68613138686131,10.4379562043796,6.56934306569343,0
"617","Switzerland","CH",2019,"2019 (Income)","Gini","Absolute","Europe",0.2832,0.0843,0.0933,0.0735,1
"618","Switzerland","CH",2019,"2019 (Income)","Gini","Relative","Europe",0.2832,29.7669491525424,32.9449152542373,25.9533898305085,1
"619","Switzerland","CH",2019,"2019 (Income)","MLD","Absolute","Europe",0.1454,0.0111,0.0147,0.0094,1
"620","Switzerland","CH",2019,"2019 (Income)","MLD","Relative","Europe",0.1454,7.63411279229711,10.1100412654745,6.46492434662999,1
"621","Tajikistan","TJK",2016,"2016 (Income)","Gini","Absolute","Asia + Oceania",0.3427,0.0916,0.0916,0.0631,1
"622","Tajikistan","TJK",2016,"2016 (Income)","Gini","Relative","Asia + Oceania",0.3427,0.0916,26.7289174204844,18.4126057776481,1
"623","Tajikistan","TJK",2016,"2016 (Income)","MLD","Absolute","Asia + Oceania",0.1961,0.0916,0.0136,0.011,1
"624","Tajikistan","TJK",2016,"2016 (Income)","MLD","Relative","Asia + Oceania",0.1961,0.0916,6.93523712391637,5.60938296787353,1
"625","Tanzania","TZN",2009,"2009 (Consumption)","Gini","Absolute","Africa",0.3582,0.1494,0.1726,0.1576,0
"626","Tanzania","TZN",2009,"2009 (Consumption)","Gini","Relative","Africa",0.3582,41.7085427135678,48.1853713009492,43.9977666108319,0
"627","Tanzania","TZN",2009,"2009 (Consumption)","MLD","Absolute","Africa",0.2107,0.0396,0.048,0.0423,0
"628","Tanzania","TZN",2009,"2009 (Consumption)","MLD","Relative","Africa",0.2107,18.7944945420029,22.781205505458,20.0759373516849,0
"629","Tanzania","TZN",2011,"2011 (Consumption)","Gini","Absolute","Africa",0.3765,0.1759,0.1959,0.1826,0
"630","Tanzania","TZN",2011,"2011 (Consumption)","Gini","Relative","Africa",0.3765,46.7197875166003,52.0318725099602,48.4993359893758,0
"631","Tanzania","TZN",2011,"2011 (Consumption)","MLD","Absolute","Africa",0.236,0.0501,0.0609,0.0522,0
"632","Tanzania","TZN",2011,"2011 (Consumption)","MLD","Relative","Africa",0.236,21.228813559322,25.8050847457627,22.1186440677966,0
"633","Tanzania","TZN",2013,"2013 (Consumption)","Gini","Absolute","Africa",0.3731,0.1616,0.1726,0.1709,1
"634","Tanzania","TZN",2013,"2013 (Consumption)","Gini","Relative","Africa",0.3731,43.3127847761994,46.2610560171536,45.805414098097,1
"635","Tanzania","TZN",2013,"2013 (Consumption)","MLD","Absolute","Africa",0.2348,0.0452,0.0467,0.0462,1
"636","Tanzania","TZN",2013,"2013 (Consumption)","MLD","Relative","Africa",0.2348,19.2504258943782,19.8892674616695,19.6763202725724,1
"637","Timor Leste","TIM",2007,"2007 (Consumption)","Gini","Absolute","Asia + Oceania",0.293,0.1021,0.0896,0.1058,0
"638","Timor Leste","TIM",2007,"2007 (Consumption)","Gini","Relative","Asia + Oceania",0.293,34.8464163822526,30.580204778157,36.1092150170648,0
"639","Timor Leste","TIM",2007,"2007 (Consumption)","MLD","Absolute","Asia + Oceania",0.1391,0.0184,0.0144,0.0182,0
"640","Timor Leste","TIM",2007,"2007 (Consumption)","MLD","Relative","Asia + Oceania",0.1391,13.2278936017254,10.352264557872,13.0841121495327,0
"641","Timor Leste","TIM",2014,"2014 (Consumption)","Gini","Absolute","Asia + Oceania",0.3177,0.0977,0.0876,0.0962,1
"642","Timor Leste","TIM",2014,"2014 (Consumption)","Gini","Relative","Asia + Oceania",0.3177,30.7522820270696,27.5731822474032,30.2801384954359,1
"643","Timor Leste","TIM",2014,"2014 (Consumption)","MLD","Absolute","Asia + Oceania",0.1656,0.0167,0.014,0.0153,1
"644","Timor Leste","TIM",2014,"2014 (Consumption)","MLD","Relative","Asia + Oceania",0.1656,10.0845410628019,8.45410628019324,9.23913043478261,1
"645","Togo","TGO",2018,"2018 (Consumption)","Gini","Absolute","Africa",0.3815,0.1644,0.1513,0.152,1
"646","Togo","TGO",2018,"2018 (Consumption)","Gini","Relative","Africa",0.3815,43.0930537352556,39.6592398427261,39.8427260812582,1
"647","Togo","TGO",2018,"2018 (Consumption)","MLD","Absolute","Africa",0.2422,0.0442,0.0373,0.0367,1
"648","Togo","TGO",2018,"2018 (Consumption)","MLD","Relative","Africa",0.2422,18.2493806771263,15.4004954582989,15.1527663088357,1
"649","USA","USA",1970,"1970 (Income)","Gini","Absolute","North America",0.3003,0.1225,0.1345,0.1366,0
"650","USA","USA",1970,"1970 (Income)","Gini","Relative","North America",0.3003,40.7925407925408,44.7885447885448,45.4878454878455,0
"651","USA","USA",1970,"1970 (Income)","MLD","Absolute","North America",0.1592,0.0258,0.0301,0.0324,0
"652","USA","USA",1970,"1970 (Income)","MLD","Relative","North America",0.1592,16.2060301507538,18.9070351758794,20.3517587939699,0
"653","USA","USA",1972,"1972 (Income)","Gini","Absolute","North America",0.3045,0.1275,0.1393,0.1389,0
"654","USA","USA",1972,"1972 (Income)","Gini","Relative","North America",0.3045,41.871921182266,45.7471264367816,45.615763546798,0
"655","USA","USA",1972,"1972 (Income)","MLD","Absolute","North America",0.1661,0.0269,0.0319,0.0336,0
"656","USA","USA",1972,"1972 (Income)","MLD","Relative","North America",0.1661,16.1950632149308,19.205298013245,20.2287778446719,0
"657","USA","USA",1974,"1974 (Income)","Gini","Absolute","North America",0.2987,0.1215,0.131,0.1247,0
"658","USA","USA",1974,"1974 (Income)","Gini","Relative","North America",0.2987,40.6762638098427,43.8567124204888,41.747572815534,0
"659","USA","USA",1974,"1974 (Income)","MLD","Absolute","North America",0.1552,0.0243,0.0278,0.0271,0
"660","USA","USA",1974,"1974 (Income)","MLD","Relative","North America",0.1552,15.6572164948454,17.9123711340206,17.4613402061856,0
"661","USA","USA",1976,"1976 (Income)","Gini","Absolute","North America",0.2929,0.1114,0.1202,0.1174,0
"662","USA","USA",1976,"1976 (Income)","Gini","Relative","North America",0.2929,38.0334585182656,41.0378968931376,40.0819392284056,0
"663","USA","USA",1976,"1976 (Income)","MLD","Absolute","North America",0.1517,0.0209,0.0239,0.0241,0
"664","USA","USA",1976,"1976 (Income)","MLD","Relative","North America",0.1517,13.7771918259723,15.7547791694133,15.8866183256427,0
"665","USA","USA",1978,"1978 (Income)","Gini","Absolute","North America",0.2938,0.1064,0.1183,0.1174,0
"666","USA","USA",1978,"1978 (Income)","Gini","Relative","North America",0.2938,36.215112321307,40.2654867256637,39.9591558883594,0
"667","USA","USA",1978,"1978 (Income)","MLD","Absolute","North America",0.1516,0.0198,0.0233,0.0237,0
"668","USA","USA",1978,"1978 (Income)","MLD","Relative","North America",0.1516,13.0606860158311,15.3693931398417,15.6332453825858,0
"669","USA","USA",1980,"1980 (Income)","Gini","Absolute","North America",0.3281,0.1057,0.1324,0.1411,0
"670","USA","USA",1980,"1980 (Income)","Gini","Relative","North America",0.3281,32.215787869552,40.3535507467236,43.0051813471503,0
"671","USA","USA",1980,"1980 (Income)","MLD","Absolute","North America",0.1923,0.0218,0.0286,0.0352,0
"672","USA","USA",1980,"1980 (Income)","MLD","Relative","North America",0.1923,11.3364534581383,14.8725949037962,18.3047321892876,0
"673","USA","USA",1982,"1982 (Income)","Gini","Absolute","North America",0.3172,0.1283,0.1371,0.1305,0
"674","USA","USA",1982,"1982 (Income)","Gini","Relative","North America",0.3172,40.4476670870113,43.2219419924338,41.141235813367,0
"675","USA","USA",1982,"1982 (Income)","MLD","Absolute","North America",0.1787,0.0279,0.0306,0.03,0
"676","USA","USA",1982,"1982 (Income)","MLD","Relative","North America",0.1787,15.6127588136542,17.123670956911,16.7879127028539,0
"677","USA","USA",1984,"1984 (Income)","Gini","Absolute","North America",0.3449,0.1325,0.1462,0.1384,0
"678","USA","USA",1984,"1984 (Income)","Gini","Relative","North America",0.3449,38.4169324441867,42.3890982893592,40.127573209626,0
"679","USA","USA",1984,"1984 (Income)","MLD","Absolute","North America",0.2136,0.0312,0.0351,0.0335,0
"680","USA","USA",1984,"1984 (Income)","MLD","Relative","North America",0.2136,14.6067415730337,16.4325842696629,15.6835205992509,0
"681","USA","USA",1986,"1986 (Income)","Gini","Absolute","North America",0.345,0.1513,0.1549,0.147,0
"682","USA","USA",1986,"1986 (Income)","Gini","Relative","North America",0.345,43.8550724637681,44.8985507246377,42.6086956521739,0
"683","USA","USA",1986,"1986 (Income)","MLD","Absolute","North America",0.2105,0.0379,0.039,0.037,0
"684","USA","USA",1986,"1986 (Income)","MLD","Relative","North America",0.2105,18.0047505938242,18.5273159144893,17.5771971496437,0
"685","USA","USA",1988,"1988 (Income)","Gini","Absolute","North America",0.3892,0.1633,0.1733,0.1641,0
"686","USA","USA",1988,"1988 (Income)","Gini","Relative","North America",0.3892,41.9578622816033,44.5272353545735,42.1634121274409,0
"687","USA","USA",1988,"1988 (Income)","MLD","Absolute","North America",0.2696,0.0479,0.0505,0.0476,0
"688","USA","USA",1988,"1988 (Income)","MLD","Relative","North America",0.2696,17.7670623145401,18.7314540059347,17.6557863501484,0
"689","USA","USA",1990,"1990 (Income)","Gini","Absolute","North America",0.3653,0.1486,0.1593,0.1469,0
"690","USA","USA",1990,"1990 (Income)","Gini","Relative","North America",0.3653,40.678894059677,43.6079934300575,40.2135231316726,0
"691","USA","USA",1990,"1990 (Income)","MLD","Absolute","North America",0.2357,0.0373,0.0415,0.037,0
"692","USA","USA",1990,"1990 (Income)","MLD","Relative","North America",0.2357,15.8252015273653,17.6071277047094,15.6979210861264,0
"693","USA","USA",1992,"1992 (Income)","Gini","Absolute","North America",0.3762,0.142,0.1559,0.1534,0
"694","USA","USA",1992,"1992 (Income)","Gini","Relative","North America",0.3762,37.745879851143,41.4407230196704,40.776182881446,0
"695","USA","USA",1992,"1992 (Income)","MLD","Absolute","North America",0.2593,0.0347,0.0411,0.0433,0
"696","USA","USA",1992,"1992 (Income)","MLD","Relative","North America",0.2593,13.3821827998457,15.8503663709988,16.6988044735827,0
"697","USA","USA",1994,"1994 (Income)","Gini","Absolute","North America",0.3792,0.1421,0.1606,0.1781,0
"698","USA","USA",1994,"1994 (Income)","Gini","Relative","North America",0.3792,37.4736286919831,42.3523206751055,46.9672995780591,0
"699","USA","USA",1994,"1994 (Income)","MLD","Absolute","North America",0.2691,0.0342,0.0425,0.0813,0
"700","USA","USA",1994,"1994 (Income)","MLD","Relative","North America",0.2691,12.7090301003345,15.7933853586027,30.2118171683389,0
"701","USA","USA",1996,"1996 (Income)","Gini","Absolute","North America",0.3673,0.1493,0.1637,0.1623,0
"702","USA","USA",1996,"1996 (Income)","Gini","Relative","North America",0.3673,40.6479716852709,44.5684726381704,44.1873128233052,0
"703","USA","USA",1996,"1996 (Income)","MLD","Absolute","North America",0.2562,0.0379,0.0446,0.0505,0
"704","USA","USA",1996,"1996 (Income)","MLD","Relative","North America",0.2562,14.7931303669009,17.408274785324,19.7111631537861,0
"705","USA","USA",1998,"1998 (Income)","Gini","Absolute","North America",0.392,0.1302,0.1698,0.195,0
"706","USA","USA",1998,"1998 (Income)","Gini","Relative","North America",0.392,33.2142857142857,43.3163265306122,49.7448979591837,0
"707","USA","USA",1998,"1998 (Income)","MLD","Absolute","North America",0.2964,0.0366,0.0497,0.0856,0
"708","USA","USA",1998,"1998 (Income)","MLD","Relative","North America",0.2964,12.3481781376518,16.7678812415655,28.8798920377868,0
"709","USA","USA",2000,"2000 (Income)","Gini","Absolute","North America",0.3844,0.149,0.1699,0.1577,0
"710","USA","USA",2000,"2000 (Income)","Gini","Relative","North America",0.3844,38.7617065556712,44.1987513007284,41.0249739854318,0
"711","USA","USA",2000,"2000 (Income)","MLD","Absolute","North America",0.2684,0.038,0.047,0.0462,0
"712","USA","USA",2000,"2000 (Income)","MLD","Relative","North America",0.2684,14.1579731743666,17.5111773472429,17.2131147540984,0
"713","USA","USA",2002,"2002 (Income)","Gini","Absolute","North America",0.3951,0.1609,0.1894,0.1922,0
"714","USA","USA",2002,"2002 (Income)","Gini","Relative","North America",0.3951,40.723867375348,47.9372310807391,48.6459124272336,0
"715","USA","USA",2002,"2002 (Income)","MLD","Absolute","North America",0.2967,0.0445,0.0592,0.0792,0
"716","USA","USA",2002,"2002 (Income)","MLD","Relative","North America",0.2967,14.9983147960903,19.9528142905292,26.6936299292214,0
"717","USA","USA",2004,"2004 (Income)","Gini","Absolute","North America",0.4061,0.1497,0.1753,0.2001,0
"718","USA","USA",2004,"2004 (Income)","Gini","Relative","North America",0.4061,36.8628416646146,43.1667077074612,49.2735779364688,0
"719","USA","USA",2004,"2004 (Income)","MLD","Absolute","North America",0.3083,0.0418,0.051,0.0903,0
"720","USA","USA",2004,"2004 (Income)","MLD","Relative","North America",0.3083,13.5582225105417,16.5423289004217,29.2896529354525,0
"721","USA","USA",2006,"2006 (Income)","Gini","Absolute","North America",0.4306,0.1675,0.1766,0.1923,0
"722","USA","USA",2006,"2006 (Income)","Gini","Relative","North America",0.4306,38.8992104040873,41.0125406409661,44.6586158848119,0
"723","USA","USA",2006,"2006 (Income)","MLD","Absolute","North America",0.3688,0.0473,0.0513,0.1077,0
"724","USA","USA",2006,"2006 (Income)","MLD","Relative","North America",0.3688,12.8253796095445,13.909978308026,29.2028199566161,0
"725","USA","USA",2008,"2008 (Income)","Gini","Absolute","North America",0.4029,0.1525,0.1649,0.1801,0
"726","USA","USA",2008,"2008 (Income)","Gini","Relative","North America",0.4029,37.8505832712832,40.9282700421941,44.7009183420204,0
"727","USA","USA",2008,"2008 (Income)","MLD","Absolute","North America",0.3046,0.0386,0.0445,0.0764,0
"728","USA","USA",2008,"2008 (Income)","MLD","Relative","North America",0.3046,12.6723571897571,14.6093237032173,25.0820748522653,0
"729","USA","USA",2010,"2010 (Income)","Gini","Absolute","North America",0.3996,0.1581,0.1663,0.1679,0
"730","USA","USA",2010,"2010 (Income)","Gini","Relative","North America",0.3996,39.5645645645646,41.6166166166166,42.017017017017,0
"731","USA","USA",2010,"2010 (Income)","MLD","Absolute","North America",0.3059,0.0441,0.0452,0.0571,0
"732","USA","USA",2010,"2010 (Income)","MLD","Relative","North America",0.3059,14.4164759725401,14.7760706113109,18.6662307943772,0
"733","USA","USA",2012,"2012 (Income)","Gini","Absolute","North America",0.3998,0.1593,0.17,0.1801,0
"734","USA","USA",2012,"2012 (Income)","Gini","Relative","North America",0.3998,39.8449224612306,42.5212606303152,45.047523761881,0
"735","USA","USA",2012,"2012 (Income)","MLD","Absolute","North America",0.3057,0.0426,0.0473,0.1126,0
"736","USA","USA",2012,"2012 (Income)","MLD","Relative","North America",0.3057,13.9352306182532,15.4726856395159,36.8334968923781,0
"737","USA","USA",2014,"2014 (Income)","Gini","Absolute","North America",0.3948,0.1502,0.1641,0.1645,1
"738","USA","USA",2014,"2014 (Income)","Gini","Relative","North America",0.3948,38.0445795339412,41.565349544073,41.6666666666667,1
"739","USA","USA",2014,"2014 (Income)","MLD","Absolute","North America",0.2902,0.0393,0.0441,0.0536,1
"740","USA","USA",2014,"2014 (Income)","MLD","Relative","North America",0.2902,13.5423845623708,15.1964162646451,18.4700206753963,1
"741","Uganda","UGA",2010,"2010 (Consumption)","Gini","Absolute","Africa",0.4165,0.2259,0.2274,0.2244,0
"742","Uganda","UGA",2010,"2010 (Consumption)","Gini","Relative","Africa",0.4165,54.2376950780312,54.5978391356543,53.8775510204082,0
"743","Uganda","UGA",2010,"2010 (Consumption)","MLD","Absolute","Africa",0.2925,0.0924,0.0856,0.086,0
"744","Uganda","UGA",2010,"2010 (Consumption)","MLD","Relative","Africa",0.2925,31.5897435897436,29.2649572649573,29.4017094017094,0
"745","Uganda","UGA",2011,"2011 (Consumption)","Gini","Absolute","Africa",0.4671,0.265,0.255,0.2587,0
"746","Uganda","UGA",2011,"2011 (Consumption)","Gini","Relative","Africa",0.4671,56.7330336116463,54.592164418754,55.3842860201242,0
"747","Uganda","UGA",2011,"2011 (Consumption)","MLD","Absolute","Africa",0.3817,0.1271,0.1097,0.1122,0
"748","Uganda","UGA",2011,"2011 (Consumption)","MLD","Relative","Africa",0.3817,33.2984018862981,28.7398480482054,29.3948126801153,0
"749","Uganda","UGA",2012,"2012 (Consumption)","Gini","Absolute","Africa",0.4453,0.2225,0.2573,0.242,0
"750","Uganda","UGA",2012,"2012 (Consumption)","Gini","Relative","Africa",0.4453,49.9663148439255,57.7812710532225,54.3453851336178,0
"751","Uganda","UGA",2012,"2012 (Consumption)","MLD","Absolute","Africa",0.3355,0.0821,0.1074,0.0951,0
"752","Uganda","UGA",2012,"2012 (Consumption)","MLD","Relative","Africa",0.3355,24.4709388971684,32.0119225037258,28.3457526080477,0
"753","Uganda","UGA",2014,"2014 (Consumption)","Gini","Absolute","Africa",0.3712,0.1666,0.1781,0.1769,0
"754","Uganda","UGA",2014,"2014 (Consumption)","Gini","Relative","Africa",0.3712,44.8814655172414,47.979525862069,47.65625,0
"755","Uganda","UGA",2014,"2014 (Consumption)","MLD","Absolute","Africa",0.2285,0.0513,0.0531,0.0559,0
"756","Uganda","UGA",2014,"2014 (Consumption)","MLD","Relative","Africa",0.2285,22.4507658643326,23.2385120350109,24.4638949671772,0
"757","Uganda","UGA",2015,"2015 (Consumption)","Gini","Absolute","Africa",0.4285,0.2281,0.234,0.2131,1
"758","Uganda","UGA",2015,"2015 (Consumption)","Gini","Relative","Africa",0.4285,53.2322053675613,54.6091015169195,49.7316219369895,1
"759","Uganda","UGA",2015,"2015 (Consumption)","MLD","Absolute","Africa",0.3047,0.0903,0.09,0.0795,1
"760","Uganda","UGA",2015,"2015 (Consumption)","MLD","Relative","Africa",0.3047,29.6357072530358,29.5372497538563,26.091237282573,1
"761","United Kingdom","UK",2005,"2005 (Income)","Gini","Absolute","Europe",0.3127,0.0843,0.1213,0.1135,0
"762","United Kingdom","UK",2005,"2005 (Income)","Gini","Relative","Europe",0.3127,26.9587464023025,38.7911736488647,36.296770067157,0
"763","United Kingdom","UK",2005,"2005 (Income)","MLD","Absolute","Europe",0.1762,0.0116,0.0275,0.0296,0
"764","United Kingdom","UK",2005,"2005 (Income)","MLD","Relative","Europe",0.1762,6.58342792281498,15.6072644721907,16.7990919409762,0
"765","United Kingdom","UK",2011,"2011 (Income)","Gini","Absolute","Europe",0.3237,0.076,0.0955,0.0869,1
"766","United Kingdom","UK",2011,"2011 (Income)","Gini","Relative","Europe",0.3237,23.4785295026259,29.5026258881681,26.8458449181341,1
"767","United Kingdom","UK",2011,"2011 (Income)","MLD","Absolute","Europe",0.1867,0.0106,0.0147,0.0159,1
"768","United Kingdom","UK",2011,"2011 (Income)","MLD","Relative","Europe",0.1867,5.67755757900375,7.87359400107124,8.51633636850563,1
"769","Uzbekistan","UZB",2016,"2016 (Income)","Gini","Absolute","Asia + Oceania",0.4925,0.1069,0.2004,0.1423,1
"770","Uzbekistan","UZB",2016,"2016 (Income)","Gini","Relative","Asia + Oceania",0.4925,21.7055837563452,40.6903553299492,28.8934010152284,1
"771","Uzbekistan","UZB",2016,"2016 (Income)","MLD","Absolute","Asia + Oceania",0.4148,0.0229,0.062,0.0407,1
"772","Uzbekistan","UZB",2016,"2016 (Income)","MLD","Relative","Asia + Oceania",0.4148,5.52073288331726,14.946962391514,9.81195756991321,1
